Frame,radarX,radarY,R1X,R1Y,R2X,R2Y,R3X,R3Y,R4X,R4Y,R5X,R5Y,GT1X,GT2X,GT3X,GT4X,GT5X,GT1Y,GT2Y,GT3Y,GT4Y,GT5Y
4,-42.8999,203.778,285.268,3291.2,144.562,4301.81,49.182,5195.36,-434.353,6348.23,-1231.11,7183.17,3.087422,4.098032,4.991582,6.144452,6.979392,0.4,0.4,0.4,0,-0.4
5,-44.6116,215.09,284.872,3290.97,144.574,4301.87,47.4562,5193.41,-434.568,6348.59,-1231.01,7183.25,3.07588,4.08678,4.97832,6.1335,6.96816,0.4,0.4,0.4,0,-0.4
6,-41.6566,222.89,285.259,3290.93,144.481,4302.11,47.0128,5191.88,-434.395,6347.98,-1231.17,7182.97,3.06804,4.07922,4.96899,6.12509,6.96008,0.4,0.4,0.4,0,-0.4
7,-42.8084,234.354,285.177,3291.08,144.467,4302.08,46.6814,5191.75,-434.516,6348.26,-1230.95,7182.56,3.056726,4.067726,4.957396,6.113906,6.948206,0.4,0.4,0.4,0,-0.4
8,-43.1085,244.682,285.015,3291.08,144.454,4302.19,45.7505,5192.07,-434.488,6348.43,-1231.15,7183.19,3.046398,4.057508,4.947388,6.103748,6.938508,0.4,0.4,0.4,0,-0.4
9,-43.0546,254.887,285.118,3291.06,144.511,4302.25,45.9048,5192.05,-434.385,6348.38,-1231.03,7183.24,3.036173,GT1Y,4.937163,6.093493,6.928353,0.4,0.4,0.4,0,-0.4
10,-44.6336,266.055,285.034,3291.14,144.526,4302.12,48.5201,5195.25,-434.532,6348.5,-1230.91,7182.77,3.025085,4.036065,4.929195,6.082445,6.916715,0.4,0.4,0.4,0,-0.4
11,-44.023,274.646,285.263,3291.05,144.53,4302.08,45.8,5191.62,-434.398,6348.01,-1231.11,7182.57,3.016404,4.027434,4.916974,6.073364,6.907924,0.4,0.4,0.4,0,-0.4
12,-45.5377,284.838,285.06,3290.92,144.508,4302.23,46.6728,5192.53,-434.442,6348.43,-1230.77,7183.01,3.006082,4.017392,4.907692,6.063592,6.898172,0.4,0.4,0.4,0,-0.4
13,-46.2105,295.089,285.187,3290.94,143.853,4301.71,46.0058,5192.14,-434.385,6348.48,-1231.05,7183.57,2.995851,4.006621,4.897051,6.053391,6.888481,0.4,0.4,0.4,0,-0.4
14,-45.7718,304.599,285.149,3291,144.487,4301.66,45.719,5191.79,-434.546,6348.03,-1231.52,7182.69,2.986401,3.997061,4.887191,6.043431,6.878091,0.4,0.4,0.4,0,-0.4
15,-46.9001,315.419,284.919,3290.87,144.545,4301.78,45.4598,5191.9,-434.656,6348.46,-1230.92,7182.53,2.975451,3.986361,4.876481,6.033041,6.867111,0.4,0.4,0.4,0,-0.4
16,-46.4926,324.951,285.392,3291.06,144.563,4302.33,46.3458,5191.98,-434.166,6348.42,-1230.74,7183.66,2.966109,3.977379,4.867029,6.023469,6.858709,0.4,0.4,0.4,0,-0.4
17,-47.7963,335.266,285.085,3290.93,144.519,4302.06,45.5421,5191.78,-434.548,6348.17,-1231.25,7182.53,2.955664,3.966794,4.856514,6.012904,6.847264,0.4,0.4,0.4,0,-0.4
18,-48.6463,345.285,285.096,3290.86,144.522,4302.09,46.3503,5192.26,-434.571,6348.23,-1231.25,7182.74,2.945575,3.956805,4.846975,6.002945,6.837455,0.4,0.4,0.4,0,-0.4
19,-48.5503,354.263,285.395,3290.91,144.541,4302.63,46.1631,5191.94,-434.196,6348.46,-1230.84,7183.78,2.936647,3.948367,4.837677,5.994197,6.829517,0.4,0.4,0.4,0,-0.4
20,-50.2287,365.223,284.875,3290.97,143.928,4301.98,45.6178,5192.1,-434.586,6348.56,-1231.07,7183.15,2.925747,3.936757,4.826877,5.983337,6.817927,0.4,0.4,0.4,0,-0.4
21,-50.6569,375.341,285.142,3291,144.495,4302.01,46.7881,5192.37,-434.532,6348.05,-1231.21,7182.46,2.915659,3.926669,4.817029,5.972709,6.807119,0.4,0.4,0.4,0,-0.4
22,-51.3519,385.013,285.204,3291.09,144.48,4302.15,45.8587,5191.75,-434.392,6348.3,-1230.99,7183.08,2.906077,3.917137,4.806737,5.963287,6.798067,0.4,0.4,0.4,0,-0.4
23,-51.9571,395.185,285.071,3290.83,144.504,4302.21,45.7239,5192.05,-434.445,6348.47,-1231.1,7183.42,2.895645,3.907025,4.796865,5.953285,6.788235,0.4,0.4,0.4,0,-0.4
24,-51.7885,405.234,285.253,3290.85,144.497,4302.11,46.7311,5192.34,-434.433,6348.09,-1231.31,7182.94,2.885616,3.896876,4.787106,5.942856,6.777706,0.4,0.4,0.4,0,-0.4
25,-53.6106,416.251,285.114,3291.05,144.55,4302.07,45.7982,5191.98,-434.533,6348.41,-1230.97,7182.59,2.874799,3.885819,4.775729,5.932159,6.766339,0.4,0.4,0.4,0,-0.4
26,-53.5229,425.528,285.163,3290.86,144.537,4302.2,46.0284,5191.93,-434.389,6348.37,-1231.2,7183.33,2.865332,3.876672,4.766402,5.922842,6.757802,0.4,0.4,0.4,0,-0.4
27,-53.8467,435.568,285.053,3290.98,143.706,4302.03,46.6776,5192.5,-434.444,6348.41,-1231.12,7183.34,2.855412,3.866462,4.756932,5.912842,6.747772,0.4,0.4,0.4,0,-0.4
28,-54.6205,445.855,285.204,3290.99,144.578,4302.11,45.8165,5191.66,-434.438,6348.32,-1230.93,7182.76,2.845135,3.856255,4.745805,5.902465,6.736905,0.4,0.4,0.4,0,-0.4
29,-55.4296,455.78,285.235,3291.09,144.52,4302.12,47.4429,5193.35,-434.394,6348.11,-1231.09,7182.88,2.83531,3.84634,4.73757,5.89233,6.7271,0.4,0.4,0.4,0,-0.4
30,-56.3003,466.293,284.908,3290.9,144.325,4302.03,47.1612,5193.58,-434.59,6348.48,-1231.11,7183.12,2.824607,3.835737,4.727287,5.882187,6.716827,0.4,0.4,0.4,0,-0.4
31,-57.033,476.469,285.229,3290.95,144.492,4302.16,47.6128,5193.58,-434.349,6348.35,-1231.06,7183.38,2.814481,3.825691,4.717111,5.871881,6.706911,0.4,0.4,0.4,0,-0.4
32,-56.7606,486.224,285.203,3290.84,144.58,4302.04,47.2059,5193.26,-434.484,6348.19,-1231.23,7182.66,2.804616,3.815816,4.707036,5.861966,6.696436,0.4,0.4,0.4,0,-0.4
33,-57.1299,496.262,284.945,3291.02,144.524,4302.12,47.0771,5193.43,-434.593,6348.28,-1231.3,7182.77,2.794758,3.805858,4.697168,5.852018,6.686508,0.4,0.4,0.4,0,-0.4
34,-56.9479,506.224,285.343,3291.14,144.529,4302.27,47.8457,5193.64,-434.212,6348.35,-1230.96,7183.77,2.784916,3.796046,4.687416,5.842126,6.677546,0.4,0.4,0.4,0,-0.4
35,-57.8016,517.034,285.159,3290.98,144.665,4302.11,47.2971,5193.45,-434.474,6348.35,-1231.02,7182.74,2.773946,3.785076,4.676416,5.831316,6.665706,0.4,0.4,0.4,0,-0.4
36,-58.1075,527.111,285.036,3290.88,144.567,4302.06,47.0532,5193.29,-434.588,6348.14,-1231.52,7182.6,2.763769,3.774949,4.666179,5.821029,6.655489,0.4,0.4,0.4,0,-0.4
37,-58.4595,537.045,285.169,3291.04,144.045,4302.05,47.5974,5193.67,-434.34,6348.53,-1230.87,7183.51,2.753995,3.765005,4.656625,5.811485,6.646465,0.4,0.4,0.4,0,-0.4
38,-59.5835,547.482,284.985,3290.47,143.492,4302.01,47.527,5193.71,-434.405,6348.53,-1230.79,7183.29,2.742988,3.754528,4.646228,5.801048,6.635808,0.4,0.4,0.4,0,-0.4
39,-59.3834,557.106,285.054,3291.19,144.531,4302.06,47.112,5193.18,-434.546,6347.97,-1231.6,7182.58,2.734084,3.744954,4.636074,5.790864,6.625474,0.4,0.4,0.4,0,-0.4
40,-60.2982,566.776,285.154,3290.83,144.451,4302.1,47.7312,5194.37,-434.514,6348.34,-1230.94,7182.72,2.724054,3.735324,4.627594,5.781564,6.615944,0.4,0.4,0.4,0,-0.4
41,-60.5125,576.782,285.158,3291.18,144.435,4302.24,46.076,5191.98,-434.342,6348.43,-1230.82,7183.42,2.714398,3.725458,4.615198,5.771648,6.606638,0.4,0.4,0.4,0,-0.4
42,-60.8582,587,285.08,3290.81,144.589,4302.2,45.5299,5191.92,-434.521,6348.26,-1231.41,7183.13,2.70381,3.7152,4.60492,5.76126,6.59613,0.4,0.4,0.4,0,-0.4
43,-61.8001,596.778,285.079,3291.01,143.979,4301.53,45.5966,5191.74,-434.536,6348.3,-1231.49,7182.99,2.694232,3.704752,4.594962,5.751522,6.586212,0.4,0.4,0.4,0,-0.4
44,-61.7581,606.142,285.273,3291.28,144.614,4301.87,48.1086,5194.12,-434.266,6348.3,-1230.8,7183.13,2.685138,3.695728,4.587978,5.742158,6.576988,0.4,0.4,0.4,0,-0.4
45,-63.0555,616.69,285.058,3290.93,144.618,4301.9,47.3307,5193.56,-434.441,6348.46,-1231.1,7183.4,2.67424,3.68521,4.57687,5.73177,6.56671,0.4,0.4,0.4,0,-0.4
46,-63.7512,626.359,285.16,3290.85,144.667,4301.73,47.3025,5193.34,-434.475,6348.16,-1231.21,7182.8,2.664491,3.675371,4.566981,5.721801,6.556441,0.4,0.4,0.4,0,-0.4
47,-64.4045,636.046,285.185,3291.08,143.978,4301.54,47.3519,5193.38,-434.444,6348.24,-1230.93,7182.74,2.655034,3.665494,4.557334,5.712194,6.546694,0.4,0.4,0.4,0,-0.4
48,-64.9553,646.449,284.946,3291.11,144.57,4301.9,47.1946,5193.57,-434.511,6348.53,-1231.02,7183.26,2.644661,3.655451,4.547121,5.702081,6.536811,0.4,0.4,0.4,0,-0.4
49,-65.0129,656.524,285.156,3290.93,144.516,4301.83,47.4102,5193.47,-434.406,6348.28,-1230.96,7183.17,2.634406,3.645306,4.536946,5.691756,6.526646,0.4,0.4,0.4,0,-0.4
50,-65.6973,666.849,285.171,3291.09,144.582,4301.74,47.712,5194.26,-434.483,6348.23,-1231.12,7182.67,2.624241,3.634891,4.527411,5.681381,6.515821,0.4,0.4,0.4,0,-0.4
51,-66.43,676.888,285.093,3291.09,144.572,4301.77,46.4015,5192.84,-434.487,6348.18,-1231.33,7182.92,2.614202,3.624882,4.515952,5.671292,6.506032,0.4,0.4,0.4,0,-0.4
52,-67.2162,687.23,285.058,3291.15,144.624,4301.88,47.486,5193.58,-434.382,6348.39,-1230.7,7183.05,2.60392,3.61465,4.50635,5.66116,6.49582,0.4,0.4,0.4,0,-0.4
53,-68.394,697.978,285.129,3291.01,144.693,4301.85,47.7923,5194.45,-434.457,6348.45,-1231.07,7183.03,2.593032,3.603872,4.496472,5.650472,6.485052,0.4,0.4,0.4,0,-0.4
54,-68.2711,707.762,285.203,3291.07,144.632,4301.76,47.2999,5193.33,-434.452,6348.16,-1231.46,7183.03,2.583308,3.593998,4.485568,5.640398,6.475268,0.4,0.4,0.4,0,-0.4
55,-69.0374,717.839,285.043,3291.06,144.572,4301.88,47.3696,5193.59,-434.453,6348.47,-1230.81,7183.14,2.573221,3.584041,4.475751,5.630631,6.465301,0.4,0.4,0.4,0,-0.4
56,-70.3861,728.932,285.118,3291.02,144.533,4301.83,47.5984,5193.61,-434.404,6348.34,-1230.8,7183.13,2.562088,3.572898,4.464678,5.619408,6.454198,0.4,0.4,0.4,0,-0.4
57,-71.1042,739.393,285.147,3291.02,144.597,4301.67,45.8081,5191.64,-434.499,6348.1,-1231.29,7182.58,2.551627,3.562277,4.452247,5.608707,6.443187,0.4,0.4,0.4,0,-0.4
58,-72.1868,749.911,285.09,3290.94,144.592,4301.79,49.0523,5195.45,-434.506,6348.37,-1231.21,7182.99,2.541029,3.551879,4.445539,5.598459,6.433079,0.4,0.4,0.4,0,-0.4
59,-71.8892,759.73,285.135,3290.88,144.576,4301.87,47.4519,5193.57,-434.405,6348.37,-1230.89,7183.17,2.53115,3.54214,4.43384,5.58864,6.42344,0.4,0.4,0.4,0,-0.4
60,-72.6692,770.216,285.046,3291.15,144.083,4301.6,45.8051,5192.02,-434.514,6348.36,-1231.09,7182.94,2.520934,3.531384,4.421804,5.578144,6.412724,0.4,0.4,0.4,0,-0.4
61,-72.7289,779.382,285.189,3291.29,144.587,4302.14,45.9668,5191.75,-434.393,6348.21,-1231.06,7182.75,2.511908,3.522758,4.412368,5.568828,6.403368,0.4,0.4,0.4,0,-0.4
62,-73.2815,789.393,285.11,3291.21,144.533,4302.22,46.7885,5192.52,-434.395,6348.31,-1231.08,7183.18,2.501817,3.512827,4.403127,5.558917,6.393787,0.4,0.4,0.4,0,-0.4
63,-74.197,800.163,284.979,3291.09,144.435,4302.19,45.855,5191.9,-434.494,6348.45,-1230.96,7183.24,2.490927,3.502027,4.391737,5.548287,6.383077,0.4,0.4,0.4,0,-0.4
64,-74.237,809.875,285.241,3290.9,144.547,4302.13,44.654,5190.82,-434.432,6348.2,-1231.13,7182.98,2.481025,3.492255,4.380945,5.538325,6.373105,0.4,0.4,0.4,0,-0.4
65,-75.1702,820.078,285.014,3291.01,144.491,4302.11,47.5312,5194.35,-434.548,6348.35,-1231.15,7182.95,2.470932,3.482032,4.374272,5.528272,6.362872,0.4,0.4,0.4,0,-0.4
66,-75.6578,830.388,285.116,3290.66,144.406,4302.17,47.3305,5193.5,-434.476,6348.31,-1230.99,7183.12,2.460272,3.471782,4.363112,5.517922,6.352732,0.4,0.4,0.4,0,-0.4
67,-75.7481,840.261,285.236,3291.1,143.905,4301.94,-7.28592,5209.1,-434.391,6348.19,-1231.16,7183.01,2.450839,3.461679,4.368839,5.507929,6.342749,0.4,0.4,0.4,0,-0.4
68,-76.4735,850.009,285.169,3291.1,144.599,4302.1,-8.13157,5208.78,-434.455,6348.33,-1230.7,7182.49,2.441091,3.452091,4.358771,5.498321,6.332481,0.4,0.4,0.4,0,-0.4
69,-76.7714,859.771,285.126,3290.91,144.507,4302.14,-9.95559,5204.24,-434.468,6348.23,-1231.25,7183.01,2.431139,3.442369,4.344469,5.488459,6.323239,0.4,0.4,0.4,0,-0.4
70,-77.5778,870.235,285.056,3291.14,144.602,4301.89,47.309,5193.57,-434.462,6348.45,-1231.21,7183.4,2.420905,3.431655,4.323335,5.478215,6.313165,0.4,0.4,0.4,0,-0.4
71,-78.194,879.996,285.241,3291.02,144.656,4301.85,46.1735,5191.9,-434.363,6348.35,-1230.85,7183.01,2.411024,3.421854,4.311904,5.468354,6.303014,0.4,0.4,0.4,0,-0.4
72,-78.7136,889.612,285.103,3291.01,143.712,4301.57,45.8791,5191.99,-434.489,6348.16,-1231.28,7182.84,2.401398,3.411958,4.302378,5.458548,6.293228,0.4,0.4,0.4,0,-0.4
73,-79.877,900.586,285.131,3290.86,144.505,4301.86,45.8406,5191.91,-434.465,6348.39,-1231.05,7183.21,2.390274,3.401274,4.291324,5.447804,6.282624,0.4,0.4,0.4,0,-0.4
74,-80.8054,911.066,285.212,3291.09,144.24,4301.67,47.0328,5192.59,-434.362,6348.3,-1230.97,7183.25,2.380024,3.390604,4.281524,5.437234,6.272184,0.4,0.4,0.4,0,-0.4
75,-80.9754,920.686,284.942,3291,144.593,4301.75,46.5343,5192.5,-434.631,6348.31,-1231.48,7182.83,2.370314,3.381064,4.271814,5.427624,6.262144,0.4,0.4,0.4,0,-0.4
76,-85.3672,933.957,285.081,3291,144.552,4301.81,45.6696,5191.86,-434.502,6348.29,-1231.31,7183.09,2.357043,3.367853,4.257903,5.414333,6.249133,0.4,0.4,0.4,0,-0.4
77,-84.64,941.265,285.224,3291.08,144.564,4301.84,47.0407,5191.97,-434.359,6348.32,-1230.81,7183.14,2.349815,3.360575,4.250705,5.407055,6.241875,0.4,0.4,0.4,0,-0.4
78,-85.5601,952.043,285.068,3291.06,144.649,4301.78,45.5964,5191.51,-434.509,6348.28,-1231.26,7182.87,2.339017,3.349737,4.239467,5.396237,6.230827,0.4,0.4,0.4,0,-0.4
79,-86.4552,964.282,285.244,3290.97,144.662,4301.79,46.9302,5192.51,-434.402,6348.16,-1231.4,7183.1,2.326688,3.337508,4.228228,5.383878,6.218818,0.4,0.4,0.4,0,-0.4
80,-88.1323,975.351,285.16,3291.04,144.209,4301.67,45.9212,5192.11,-434.407,6348.49,-1230.94,7183.22,2.315689,3.326319,4.216759,5.373139,6.207869,0.4,0.4,0.4,0,-0.4
81,-88.5805,984.623,285.055,3291.03,144.611,4301.9,47.8587,5194.49,-434.452,6348.46,-1230.94,7183.18,2.306407,3.317277,4.209867,5.363837,6.198557,0.4,0.4,0.4,0,-0.4
82,-88.7498,994.07,285.086,3290.83,144.528,4302.11,47.672,5194.3,-434.532,6348.17,-1231.24,7182.75,2.29676,3.30804,4.20023,5.3541,6.18868,0.4,0.4,0.4,0,-0.4
83,-89.5719,1004.13,285.111,3291.13,144.157,4301.91,47.3858,5193.45,-434.464,6348.29,-1231.15,7182.99,2.287,3.29778,4.18932,5.34416,6.17886,0.4,0.4,0.4,0,-0.4
84,-88.6395,1010.56,285.24,3291.07,144.484,4302.21,47.7159,5193.6,-434.306,6348.31,-1230.68,7183.21,2.28051,3.29165,4.18304,5.33775,6.17265,0.4,0.4,0.4,0,-0.4
85,-90.6727,1024.37,284.925,3291.05,144.491,4302.13,46.3866,5192.4,-434.59,6348.28,-1231.28,7182.91,2.26668,3.27776,4.16803,5.32391,6.15854,0.4,0.4,0.4,0,-0.4
86,-90.8315,1034.15,285.119,3290.97,144.516,4302.08,45.6236,5191.49,-434.526,6348.31,-1231.2,7182.67,2.25682,3.26793,4.15734,5.31416,6.14852,0.4,0.4,0.4,0,-0.4
87,-91.7585,1045.44,285.25,3291.06,144.519,4302.19,45.2136,5191.38,-434.35,6348.41,-1231,7183.35,2.24562,3.25675,4.14594,5.30297,6.13791,0.4,0.4,0.4,0,-0.4
88,-91.9481,1055.38,284.993,3291.08,144.523,4302.2,46.5392,5192.5,-434.514,6348.39,-1231.28,7183.29,2.2357,3.24682,4.13712,5.29301,6.12791,0.4,0.4,0.4,0,-0.4
89,-92.2105,1065.02,285.248,3290.75,144.54,4302.1,46.7058,5192.33,-434.45,6348.08,-1231.36,7182.92,2.22573,3.23708,4.12731,5.28306,6.1179,0.4,0.4,0.4,0,-0.4
90,-93.1285,1074.75,285.228,3291.08,144.609,4302.13,45.8915,5191.96,-434.403,6348.39,-1231.15,7183.23,2.21633,3.22738,4.11721,5.27364,6.10848,0.4,0.4,0.4,0,-0.4
91,-93.6072,1085.33,285.079,3290.95,144.502,4302.27,45.7733,5192.04,-434.445,6348.51,-1231.04,7183.44,2.20562,3.21694,4.10671,5.26318,6.09811,0.4,0.4,0.4,0,-0.4
92,-93.3051,1092.26,285.042,3290.73,143.771,4301.94,46.5329,5192.4,-434.522,6348.31,-1231.26,7183.16,2.19847,3.20968,4.10014,5.25605,6.0909,0.4,0.4,0.4,0,-0.4
93,-94.6479,1104.94,285.036,3290.42,143.949,4301.81,46.6274,5192.36,-434.529,6348.26,-1231.06,7182.47,2.18548,3.19687,4.08742,5.24332,6.07753,0.4,0.4,0.4,0,-0.4
94,-95.1998,1115.62,285.207,3291.28,144.535,4302.18,46.1059,5191.84,-434.349,6348.18,-1230.94,7182.97,2.17566,3.18656,4.07622,5.23256,6.06735,0.4,0.4,0.4,0,-0.4
95,-95.8362,1125.52,284.986,3290.92,144.52,4302.22,46.5157,5192.49,-434.494,6348.41,-1231.16,7183.31,2.1654,3.1767,4.06697,5.22289,6.05779,0.4,0.4,0.4,0,-0.4
96,-96.4796,1134.96,285.114,3291.19,144.517,4302.12,46.6801,5192.47,-434.481,6348.31,-1231.1,7182.85,2.15623,3.16716,4.05751,5.21335,6.04789,0.4,0.4,0.4,0,-0.4
97,-96.462,1145.73,285.209,3291.16,144.605,4302.15,45.8851,5191.99,-434.406,6348.27,-1231.09,7182.96,2.14543,3.15642,4.04626,5.20254,6.03723,0.4,0.4,0.4,0,-0.4
98,-97.0959,1155.31,284.957,3290.94,144.538,4302.22,47.6178,5194.45,-434.515,6348.52,-1230.92,7183.22,2.13563,3.14691,4.03914,5.19321,6.02791,0.4,0.4,0.4,0,-0.4
99,-97.4719,1165.89,285.277,3290.72,144.46,4302.19,47.6178,5193.55,-434.37,6348.26,-1230.73,7183.11,2.12483,3.1363,4.02766,5.18237,6.01722,0.4,0.4,0.4,0,-0.4
100,-99.2031,1176.42,285.103,3291.12,144.491,4302.03,47.2834,5193.32,-434.498,6348.17,-1231.09,7182.61,2.1147,3.12561,4.0169,5.17175,6.00619,0.4,0.4,0.4,0,-0.4
101,-99.5542,1186.28,285.015,3290.95,144.556,4302.1,47.1657,5193.41,-434.536,6348.25,-1231.21,7182.93,2.10467,3.11582,4.00713,5.16197,5.99665,0.4,0.4,0.4,0,-0.4
102,-100.117,1197.43,285.112,3291.13,143.583,4302.05,47.5695,5193.63,-434.368,6348.46,-1230.82,7183.43,2.0937,3.10462,3.9962,5.15103,5.986,0.4,0.4,0.4,0,-0.4
103,-100.587,1206.98,285.027,3291.08,143.805,4301.55,47.2406,5193.48,-434.551,6348.39,-1231.08,7182.71,2.0841,3.09457,3.9865,5.14141,5.97573,0.4,0.4,0.4,0,-0.4
104,-100.272,1215.65,285.302,3290.79,143.821,4301.53,47.2833,5193.25,-434.441,6348.11,-1231.29,7182.7,2.07514,3.08588,3.9776,5.13246,5.96705,0.4,0.4,0.4,0,-0.4
105,-99.935,1222.96,285.223,3290.98,144.693,4301.97,47.9743,5194.5,-434.315,6348.49,-1230.72,7183.43,2.06802,3.07901,3.97154,5.12553,5.96047,0.4,0.4,0.4,0,-0.4
106,-103.214,1236.75,285.043,3291.02,144.579,4301.86,47.3517,5193.58,-434.488,6348.38,-1231.12,7183.28,2.05427,3.06511,3.95683,5.11163,5.94653,0.4,0.4,0.4,0,-0.4
107,-103.837,1245.96,285.097,3291.06,143.853,4301.49,47.1424,5193.23,-434.547,6348.08,-1231.32,7182.58,2.0451,3.05553,3.94727,5.10212,5.93662,0.4,0.4,0.4,0,-0.4
108,-104.533,1256.77,285.044,3291.24,144.592,4301.86,47.3905,5193.63,-434.484,6348.5,-1230.7,7182.87,2.03447,3.04509,3.93686,5.09173,5.9261,0.4,0.4,0.4,0,-0.4
109,-105.16,1266.64,285.145,3290.9,144.556,4301.91,47.5975,5193.63,-434.379,6348.37,-1230.86,7183.35,2.02426,3.03527,3.92699,5.08173,5.91671,0.4,0.4,0.4,0,-0.4
110,-105.786,1276.14,285.176,3290.72,144.526,4301.77,47.347,5193.46,-434.497,6348.23,-1231.44,7183.24,2.01458,3.02563,3.91732,5.07209,5.9071,0.4,0.4,0.4,0,-0.4
111,-106.445,1285.96,285.149,3291.07,144.608,4301.74,47.2627,5193.33,-434.486,6348.25,-1231.17,7182.71,2.00511,3.01578,3.90737,5.06229,5.89675,0.4,0.4,0.4,0,-0.4
112,-106.898,1295.9,285.151,3290.92,144.553,4302.16,45.8805,5191.83,-434.411,6348.23,-1231.17,7183.05,1.99502,3.00626,3.89593,5.05233,5.88715,0.4,0.4,0.4,0,-0.4
113,-107.508,1305.56,284.939,3291.29,144.538,4302.19,45.6599,5191.71,-434.487,6348.51,-1230.81,7183.14,1.98573,2.99663,3.88615,5.04295,5.87758,0.4,0.4,0.4,0,-0.4
114,-107.904,1316.23,285.219,3291.33,144.622,4302.12,46.8041,5192.41,-434.389,6348.22,-1230.85,7182.52,1.9751,2.98589,3.87618,5.03199,5.86629,0.4,0.4,0.4,0,-0.4
115,-108.669,1326.18,285.011,3290.42,144.545,4302.14,46.5377,5192.37,-434.489,6348.28,-1231.31,7182.99,1.96424,2.97596,3.86619,5.0221,5.85681,0.4,0.4,0.4,0,-0.4
116,-109.392,1336.71,285.067,3291.08,144.473,4302.29,46.7923,5192.64,-434.423,6348.5,-1230.91,7183.53,1.95437,2.96558,3.85593,5.01179,5.84682,0.4,0.4,0.4,0,-0.4
117,-109.378,1346.25,285.222,3291.12,144.447,4302.2,45.9554,5191.89,-434.349,6348.27,-1230.72,7183.05,1.94487,2.95595,3.84564,5.00202,5.8368,0.4,0.4,0.4,0,-0.4
118,-111.104,1356.2,284.922,3290.94,144.459,4301.99,46.3227,5192.32,-434.678,6348.27,-1231.37,7182.59,1.93474,2.94579,3.83612,4.99207,5.82639,0.4,0.4,0.4,0,-0.4
119,-111.398,1366.33,285.147,3290.79,144.433,4302.12,46.7103,5192.46,-434.486,6348.2,-1231.27,7183.19,1.92446,2.93579,3.82613,4.98187,5.81686,0.4,0.4,0.4,0,-0.4
120,-112.083,1376.15,285.207,3290.91,144.449,4302.24,46.9291,5192.62,-434.337,6348.47,-1230.77,7183.31,1.91476,2.92609,3.81647,4.97232,5.80716,0.4,0.4,0.4,0,-0.4
121,-112.634,1386.28,285.046,3291.09,144.602,4302.1,45.5794,5191.74,-434.53,6348.27,-1231.38,7182.8,1.90481,2.91582,3.80546,4.96199,5.79652,0.4,0.4,0.4,0,-0.4
122,-113.131,1397.01,285.277,3291.02,144.529,4302.12,45.992,5191.98,-434.419,6348.07,-1231.23,7182.66,1.89401,2.90511,3.79497,4.95106,5.78565,0.4,0.4,0.4,0,-0.4
123,-113.932,1406.47,285.169,3291.08,144.105,4302.2,46.9197,5192.73,-434.352,6348.64,-1230.46,7183.3,1.88461,2.89573,3.78626,4.94217,5.77683,0.4,0.4,0.4,0,-0.4
124,-114.584,1416.46,285.049,3291.09,143.762,4301.95,45.7571,5191.64,-434.446,6348.28,-1231.05,7182.97,1.87463,2.88549,3.77518,4.93182,5.76651,0.4,0.4,0.4,0,-0.4
125,-115.37,1426.43,285.033,3290.98,144.531,4302.02,45.5738,5191.76,-434.594,6348.1,-1231.35,7182.46,1.86455,2.87559,3.76533,4.92167,5.75603,0.4,0.4,0.4,0,-0.4
126,-115.271,1433.39,285.198,3290.99,144.415,4302.17,45.9341,5191.95,-434.4,6348.4,-1230.87,7183.26,1.8576,2.86878,3.75856,4.91501,5.74987,0.4,0.4,0.4,0,-0.4
127,-115.433,1442.4,285.165,3290.9,144.405,4302.24,46.9021,5192.55,-434.387,6348.35,-1231.07,7183.51,1.8485,2.85984,3.75015,4.90595,5.74111,0.4,0.4,0.4,0,-0.4
128,-117.59,1456.46,284.844,3290.45,144.547,4301.8,46.415,5192.43,-434.619,6348.37,-1231.22,7182.9,1.83399,2.84534,3.73597,4.89191,5.72644,0.4,0.4,0.4,0,-0.4
129,-118.049,1466.77,285.267,3291.08,144.52,4301.74,46.7379,5192.32,-434.407,6348.17,-1230.89,7182.56,1.82431,2.83497,3.72555,4.8814,5.71579,0.4,0.4,0.4,0,-0.4
130,-116.759,1473.12,285.127,3290.83,144.614,4301.84,46.8007,5192.22,-434.461,6348.35,-1231,7183.09,1.81771,2.82872,3.7191,4.87523,5.70997,0.4,0.4,0.4,0,-0.4
131,-117.319,1483.02,284.999,3291.08,144.657,4301.9,46.5266,5192.51,-434.487,6348.43,-1231.1,7183.21,1.80806,2.81888,3.70949,4.86541,5.70019,0.4,0.4,0.4,0,-0.4
132,-117.43,1492.85,285.288,3291.26,144.652,4301.77,46.8955,5192.37,-434.35,6348.1,-1231.47,7183.15,1.79841,2.80892,3.69952,4.85525,5.6903,0.4,0.4,0.4,0,-0.4
133,-120.747,1507.19,285.073,3291.09,144.581,4301.81,46.5941,5192.46,-434.497,6348.4,-1231.11,7183,1.7839,2.79462,3.68527,4.84121,5.67581,0.4,0.4,0.4,0,-0.4
134,-120.844,1517.78,285.089,3291.05,143.951,4301.7,45.8382,5191.77,-434.386,6348.43,-1230.66,7183.16,1.77327,2.78392,3.67399,4.83065,5.66538,0.4,0.4,0.4,0,-0.4
135,-121.489,1527.37,285.078,3291.04,144.521,4301.8,45.8393,5191.85,-434.487,6348.31,-1231.21,7183.22,1.76367,2.77443,3.66448,4.82094,5.65585,0.4,0.4,0.4,0,-0.4
136,-122.265,1538.09,285.116,3290.81,144.551,4301.69,45.4927,5191.63,-434.594,6348.23,-1231.19,7182.57,1.75272,2.7636,3.65354,4.81014,5.64448,0.4,0.4,0.4,0,-0.4
137,-121.849,1547.38,285.228,3290.84,144.577,4301.84,46.825,5192.46,-434.391,6348.19,-1231.16,7183.29,1.74346,2.75446,3.64508,4.80081,5.63591,0.4,0.4,0.4,0,-0.4
138,-122.891,1557.17,285.036,3291.04,144.581,4301.91,45.8548,5192.2,-434.448,6348.55,-1230.79,7183.22,1.73387,2.74474,3.63503,4.79138,5.62605,0.4,0.4,0.4,0,-0.4
139,-124.087,1567.29,285.225,3291.07,144.562,4302.08,45.8062,5191.57,-434.44,6348.16,-1231.24,7182.71,1.72378,2.73479,3.62428,4.78087,5.61542,0.4,0.4,0.4,0,-0.4
140,-124.615,1576.93,285.171,3290.97,144.576,4302.14,45.737,5191.91,-434.49,6348.21,-1231.1,7182.61,1.71404,2.72521,3.61498,4.77128,5.60568,0.4,0.4,0.4,0,-0.4
141,-124.387,1586.44,285.072,3290.98,144.516,4302.28,47.0252,5193.44,-434.4,6348.6,-1230.97,7183.51,1.70454,2.71584,3.607,4.76216,5.59707,0.4,0.4,0.4,0,-0.4
142,-128.389,1597.16,285.192,3291.04,144.527,4302.19,47.4439,5193.46,-434.392,6348.2,-1231.27,7183.24,1.69388,2.70503,3.5963,4.75104,5.58608,0.4,0.4,0.4,0,-0.4
143,-126.655,1606.26,285.009,3291.14,142.875,4301.84,47.1661,5193.98,-434.617,6348.2,-1231.26,7182.42,1.68488,2.69558,3.58772,4.74194,5.57616,0.4,0.4,0.4,0,-0.4
144,-127.752,1615.96,285.192,3291.12,144.465,4302.19,47.6266,5193.59,-434.349,6348.32,-1230.91,7183.31,1.67516,2.68623,3.57763,4.73236,5.56735,0.4,0.4,0.4,0,-0.4
145,-128.614,1625.61,285.032,3291.12,143.652,4302.04,47.4027,5193.57,-434.4,6348.46,-1231.02,7183.59,1.66551,2.67643,3.56796,4.72285,5.55798,0.4,0.4,0.4,0,-0.4
146,-129.671,1635.78,285.053,3290.88,144.539,4302.08,47.1103,5193.38,-434.575,6348.29,-1231.26,7182.64,1.6551,2.6663,3.5576,4.71251,5.54686,0.4,0.4,0.4,0,-0.4
147,-128.725,1641.6,285.272,3291.05,144.515,4302.1,47.466,5193.38,-434.366,6348.14,-1231.16,7182.79,1.64945,2.6605,3.55178,4.70654,5.54119,0.4,0.4,0.4,0,-0.4
148,-130.605,1655.77,284.982,3291.14,143.325,4302.01,45.9436,5192.13,-434.5,6348.48,-1230.89,7183.04,1.63537,2.64624,3.53636,4.69271,5.52727,0.4,0.4,0.4,0,-0.4
149,-130.927,1665.61,285.18,3290.89,144.557,4302.19,46.7597,5192.48,-434.412,6348.24,-1231.06,7183.05,1.62528,2.63658,3.52687,4.68263,5.51744,0.4,0.4,0.4,0,-0.4
150,-131.852,1675.92,285.235,3291.09,144.585,4302.08,46.6943,5192.31,-434.435,6348.16,-1231.31,7182.84,1.61517,2.62616,3.51639,4.67224,5.50692,0.4,0.4,0.4,0,-0.4
151,-133.277,1686.05,285.047,3291.03,144.522,4302.18,45.6856,5191.97,-434.526,6348.42,-1230.95,7183.02,1.60498,2.61613,3.50592,4.66237,5.49697,0.4,0.4,0.4,0,-0.4
152,-133.894,1695.81,285.111,3291.07,143.65,4302.06,46.0125,5192,-434.362,6348.39,-1231.14,7183.7,1.59526,2.60625,3.49619,4.65258,5.48789,0.4,0.4,0.4,0,-0.4
153,-134.885,1705.78,285.088,3290.9,144.498,4302.12,45.6659,5191.9,-434.505,6348.39,-1231.02,7182.84,1.58512,2.59634,3.48612,4.64261,5.47706,0.4,0.4,0.4,0,-0.4
154,-135.347,1715.79,285.21,3290.83,144.496,4302.05,46.8859,5192.48,-434.49,6348.15,-1231.18,7182.68,1.57504,2.58626,3.47669,4.63236,5.46689,0.4,0.4,0.4,0,-0.4
155,-135.695,1725.41,285.129,3290.91,144.482,4302.16,46.1078,5191.9,-434.43,6348.26,-1231.01,7183.11,1.5655,2.57675,3.46649,4.62285,5.4577,0.4,0.4,0.4,0,-0.4
156,-136.641,1735.61,285.067,3291.16,144.578,4302.21,44.5098,5190.96,-434.429,6348.5,-1230.89,7183.2,1.55555,2.5666,3.45535,4.61289,5.44759,0.4,0.4,0.4,0,-0.4
157,-137.375,1745.53,285.285,3291.04,144.57,4302.12,45.9147,5191.76,-434.402,6348.17,-1231.38,7182.96,1.54551,2.55659,3.44623,4.60264,5.43743,0.4,0.4,0.4,0,-0.4
158,-138.865,1755.38,284.988,3291.02,144.513,4302.12,46.3909,5192.41,-434.604,6348.34,-1231.35,7182.89,1.53564,2.54674,3.43703,4.59296,5.42751,0.4,0.4,0.4,0,-0.4
159,-138.605,1761.75,285.153,3291,144.515,4302.25,46.8045,5192.54,-434.37,6348.44,-1231.13,7183.64,1.52925,2.5405,3.43079,4.58669,5.42189,0.4,0.4,0.4,0,-0.4
160,-140.12,1775.02,285.239,3291.06,144.541,4302.16,45.9688,5191.86,-434.366,6348.23,-1230.89,7182.92,1.51604,2.52714,3.41684,4.57321,5.4079,0.4,0.4,0.4,0,-0.4
161,-140.961,1784.93,284.941,3290.96,144.509,4302,45.6355,5191.92,-434.673,6348.19,-1231.25,7182.36,1.50603,2.51707,3.40699,4.56326,5.39743,0.4,0.4,0.4,0,-0.4
162,-140.995,1794.96,285.277,3290.78,143.916,4302.03,45.9662,5191.86,-434.363,6348.28,-1231.25,7183.62,1.49582,2.50707,3.3969,4.55332,5.38866,0.4,0.4,0.4,0,-0.4
163,-141.22,1802.13,285.07,3291.16,144.684,4302.01,47.5104,5193.76,-434.377,6348.64,-1230.74,7183.51,1.48903,2.49988,3.39163,4.54651,5.38138,0.4,0.4,0.4,0,-0.4
164,-141.674,1812.17,285.048,3290.94,142.901,4301.55,47.6293,5194.03,-434.569,6348.21,-1231.3,7182.65,1.47877,2.48938,3.38186,4.53604,5.37048,0.4,0.4,0.4,0,-0.4
165,-142.352,1822.13,285.27,3290.94,143.525,4301.56,47.8632,5194.28,-434.429,6348.14,-1231.41,7183.04,1.46881,2.47943,3.37215,4.52601,5.36091,0.4,0.4,0.4,0,-0.4
166,-144.466,1835.46,285.154,3291.06,144.599,4301.89,46.4244,5192.43,-434.377,6348.53,-1230.75,7183.27,1.4556,2.46643,3.35697,4.51307,5.34781,0.4,0.4,0.4,0,-0.4
167,-144.753,1845.19,285.152,3290.94,144.579,4301.8,46.7293,5192.43,-434.423,6348.2,-1231.34,7183.23,1.44575,2.45661,3.34724,4.50301,5.33804,0.4,0.4,0.4,0,-0.4
168,-145.83,1855.23,285.078,3290.91,144.566,4301.75,45.557,5191.88,-434.592,6348.25,-1231.68,7182.95,1.43568,2.44652,3.33665,4.49302,5.32772,0.4,0.4,0.4,0,-0.4
169,-146.46,1864.91,285.14,3291.13,144.517,4301.85,46.783,5192.53,-434.425,6348.42,-1231.05,7183.33,1.42622,2.43694,3.32762,4.48351,5.31842,0.4,0.4,0.4,0,-0.4
170,-146.76,1874.81,285.12,3290.9,144.563,4301.88,47.0043,5192.65,-434.394,6348.37,-1230.95,7183.26,1.41609,2.42707,3.31784,4.47356,5.30845,0.4,0.4,0.4,0,-0.4
171,-147.647,1885.1,284.992,3291.1,144.619,4301.76,46.4717,5192.37,-434.576,6348.27,-1231.43,7182.84,1.406,2.41666,3.30727,4.46317,5.29774,0.4,0.4,0.4,0,-0.4
172,-148.068,1894.8,285.34,3291.01,144.6,4301.69,46.2053,5191.85,-434.367,6348.07,-1231.19,7182.71,1.39621,2.40689,3.29705,4.45327,5.28791,0.4,0.4,0.4,0,-0.4
173,-149.025,1904.63,285.03,3291.09,144.616,4301.87,46.1854,5192.15,-434.436,6348.45,-1230.95,7183.22,1.38646,2.39724,3.28752,4.44382,5.27859,0.4,0.4,0.4,0,-0.4
174,-149.784,1914.76,285.013,3291.04,144.598,4301.9,46.8392,5192.73,-434.467,6348.48,-1231.06,7183.32,1.37628,2.38714,3.27797,4.43372,5.26856,0.4,0.4,0.4,0,-0.4
175,-150.308,1924.35,285.275,3290.98,144.612,4301.73,45.872,5191.87,-434.416,6348.16,-1231.22,7182.9,1.36663,2.37738,3.26752,4.42381,5.25855,0.4,0.4,0.4,0,-0.4
176,-151.272,1934.64,285.061,3290.93,144.548,4301.78,45.8473,5191.86,-434.553,6348.33,-1231.25,7183,1.35629,2.36714,3.25722,4.41369,5.24836,0.4,0.4,0.4,0,-0.4
177,-151.631,1944.47,285.19,3291.06,144.572,4301.9,46.0285,5191.97,-434.352,6348.29,-1230.81,7183.13,1.34659,2.35743,3.2475,4.40382,5.23866,0.4,0.4,0.4,0,-0.4
178,-151.923,1954.5,285.18,3290.97,144.584,4301.81,47.4828,5193.55,-434.437,6348.33,-1231.06,7183.14,1.33647,2.34731,3.23905,4.39383,5.22864,0.4,0.4,0.4,0,-0.4
179,-151.593,1960.41,285.035,3290.88,144.534,4301.69,47.106,5193.33,-434.622,6348.24,-1231.32,7182.6,1.33047,2.34128,3.23292,4.38783,5.22219,0.4,0.4,0.4,0,-0.4
180,-151.738,1969.69,285.126,3291,144.617,4301.85,46.3702,5192.4,-434.401,6348.29,-1231.13,7183.28,1.32131,2.33216,3.22271,4.3786,5.21359,0.4,0.4,0.4,0,-0.4
181,-152.961,1979.67,285.091,3290.9,143.365,4301.72,45.8054,5191.96,-434.411,6348.63,-1230.77,7183.33,1.31123,2.32205,3.21229,4.36896,5.20366,0.4,0.4,0.4,0,-0.4
182,-153.053,1989.08,285.238,3291.09,144.633,4301.72,46.6006,5192.17,-434.426,6348.07,-1231.33,7182.74,1.30201,2.31264,3.20309,4.35899,5.19366,0.4,0.4,0.4,0,-0.4
183,-154.317,1999.56,285.195,3290.83,144.529,4301.77,46.6594,5192.39,-434.486,6348.17,-1231.44,7183.03,1.29127,2.30221,3.19283,4.34861,5.18347,0.4,0.4,0.4,0,-0.4
184,-155.365,2009.87,285.042,3291.1,144.606,4301.93,46.7406,5192.65,-434.439,6348.55,-1230.77,7183.27,1.28123,2.29206,3.18278,4.33868,5.1734,0.4,0.4,0.4,0,-0.4
185,-155.27,2019.68,285.217,3290.99,143.604,4301.64,46.7529,5192.45,-434.412,6348.24,-1231.13,7183.09,1.27131,2.28196,3.17277,4.32856,5.16341,0.4,0.4,0.4,0,-0.4
186,-156.958,2030.59,284.984,3290.95,144.509,4301.73,46.3813,5192.37,-434.655,6348.32,-1231.22,7182.65,1.26036,2.27114,3.16178,4.31773,5.15206,0.4,0.4,0.4,0,-0.4
187,-163.077,2042.92,285.152,3291,144.402,4302.15,46.4285,5192.35,-434.414,6348.23,-1231.01,7183.13,1.24808,2.25923,3.14943,4.30531,5.14021,0.4,0.4,0.4,0,-0.4
188,-163.509,2052.82,285.151,3291.18,144.544,4302.25,45.9311,5192,-434.335,6348.4,-1231.12,7183.42,1.23836,2.24943,3.13918,4.29558,5.1306,0.4,0.4,0.4,0,-0.4
189,-163.794,2062.6,285.044,3291.11,144.555,4302.12,46.5886,5192.45,-434.512,6348.36,-1231.15,7182.84,1.22851,2.23952,3.12985,4.28576,5.12024,0.4,0.4,0.4,0,-0.4
190,-165.125,2072.49,285.222,3290.81,143.736,4301.82,45.7869,5191.66,-434.484,6348.05,-1231.34,7182.78,1.21832,2.22933,3.11917,4.27556,5.11029,0.4,0.4,0.4,0,-0.4
191,-165.253,2082.4,284.987,3291.07,144.571,4302.21,47.6869,5194.51,-434.487,6348.56,-1231.2,7183.27,1.20867,2.21981,3.11211,4.26616,5.10087,0.4,0.4,0.4,0,-0.4
192,-165.922,2092.44,285.208,3291.11,144.6,4302.22,47.4094,5193.48,-434.337,6348.33,-1230.85,7183,1.19867,2.20978,3.10104,4.25589,5.09056,0.4,0.4,0.4,0,-0.4
193,-166.634,2102.53,285.244,3290.85,144.527,4302.05,47.3415,5193.28,-434.459,6348.08,-1231.27,7182.66,1.18832,2.19952,3.09075,4.24555,5.08013,0.4,0.4,0.4,0,-0.4
194,-167.396,2112.71,284.998,3291.09,143.602,4301.92,47.6989,5194.43,-434.569,6348.37,-1231.22,7183.14,1.17838,2.18921,3.08172,4.23566,5.07043,0.4,0.4,0.4,0,-0.4
195,-167.729,2122.54,285.282,3291.03,144.498,4302.26,47.4386,5193.27,-434.289,6348.31,-1230.78,7183.33,1.16849,2.17972,3.07073,4.22577,5.06079,0.4,0.4,0.4,0,-0.4
196,-168.39,2132.27,284.958,3291.02,144.579,4301.78,45.6121,5191.92,-434.564,6348.43,-1231.1,7182.85,1.15875,2.16951,3.05965,4.21616,5.05058,0.4,0.4,0.4,0,-0.4
197,-169.361,2142.53,285.041,3290.93,144.439,4301.71,45.8337,5191.93,-434.603,6348.15,-1231.52,7182.9,1.1484,2.15918,3.0494,4.20562,5.04037,0.4,0.4,0.4,0,-0.4
198,-170.124,2153.03,285.174,3291.13,144.535,4301.86,45.8582,5191.96,-434.369,6348.28,-1231.08,7183.29,1.1381,2.14883,3.03893,4.19525,5.03026,0.4,0.4,0.4,0,-0.4
199,-170.603,2163.35,285.123,3290.94,144.595,4301.92,45.7157,5191.89,-434.395,6348.59,-1230.75,7183.17,1.12759,2.13857,3.02854,4.18524,5.01982,0.4,0.4,0.4,0,-0.4
200,-171.668,2173.62,285.274,3290.95,144.58,4301.7,45.9142,5191.83,-434.429,6348.04,-1231.3,7182.82,1.11733,2.12808,3.01821,4.17442,5.0092,0.4,0.4,0.4,0,-0.4
201,-172.147,2184.07,285.018,3291,144.585,4301.73,47.08,5193.23,-434.567,6348.31,-1230.83,7182.43,1.10693,2.11766,3.00916,4.16424,4.99836,0.4,0.4,0.4,0,-0.4
202,-172.742,2194.23,285.196,3290.94,143.7,4301.7,46.8118,5192.35,-434.347,6348.5,-1230.62,7183.14,1.09671,2.10747,2.99812,4.15427,4.98891,0.4,0.4,0.4,0,-0.4
203,-173.798,2203.89,285.23,3290.93,143.943,4301.6,46.765,5192.43,-434.392,6348.19,-1231.27,7183.29,1.08704,2.09771,2.98854,4.1443,4.9794,0.4,0.4,0.4,0,-0.4
204,-174.662,2213.87,284.974,3291.04,144.508,4301.71,46.4085,5192.34,-434.631,6348.28,-1231.33,7182.69,1.07717,2.08784,2.97847,4.13441,4.96882,0.4,0.4,0.4,0,-0.4
205,-175.705,2224.39,285.33,3290.92,143.274,4301.96,46.9082,5192.41,-434.333,6348.17,-1230.74,7182.96,1.06653,2.07757,2.96802,4.12378,4.95857,0.4,0.4,0.4,0,-0.4
206,-176.428,2234.08,284.988,3291.14,144.497,4302.25,45.8738,5192,-434.466,6348.55,-1231.1,7183.46,1.05706,2.06817,2.95792,4.11447,4.94938,0.4,0.4,0.4,0,-0.4
207,-177.248,2244.05,285.007,3290.82,144.411,4302.07,46.5018,5192.4,-434.598,6348.29,-1231.16,7182.87,1.04677,2.05802,2.94835,4.10424,4.93882,0.4,0.4,0.4,0,-0.4
208,-177.926,2254.61,285.279,3290.95,144.471,4302.07,45.8996,5191.85,-434.423,6348.08,-1231.29,7182.9,1.03634,2.04746,2.93724,4.09347,4.92829,0.4,0.4,0.4,0,-0.4
209,-178.606,2264.52,285.041,3291.09,144.586,4301.9,45.6919,5191.97,-434.44,6348.56,-1231.1,7183.45,1.02657,2.03738,2.92745,4.08404,4.91893,0.4,0.4,0.4,0,-0.4
210,-179.479,2274.05,285.199,3291.02,144.593,4301.8,45.9058,5191.63,-434.386,6348.14,-1231.1,7183.01,1.01697,2.02775,2.91758,4.07409,4.90896,0.4,0.4,0.4,0,-0.4
211,-179.817,2284.42,285.123,3291.11,144.57,4301.73,45.8264,5191.91,-434.545,6348.22,-1230.99,7182.41,1.00669,2.01731,2.90749,4.0638,4.89799,0.4,0.4,0.4,0,-0.4
212,-180.629,2295.05,285.175,3290.93,143.063,4301.67,47.6874,5194.44,-434.464,6348.44,-1230.93,7183,0.99588,2.00662,2.89939,4.05339,4.88795,0.4,0.4,0.4,0,-0.4
213,-180.611,2303.77,285.193,3290.92,144.539,4302.23,47.4618,5193.46,-434.363,6348.25,-1231.13,7183.33,0.98715,1.99846,2.88969,4.04448,4.87956,0.4,0.4,0.4,0,-0.4
214,-180.635,2313.78,285.004,3291.06,144.513,4302.13,47.2636,5193.53,-434.54,6348.41,-1231.16,7183.01,0.97728,1.98835,2.87975,4.03463,4.86923,0.4,0.4,0.4,0,-0.4
215,-180.667,2324.3,285.239,3291.04,142.773,4301.93,47.5075,5193.39,-434.434,6348.09,-1231.27,7182.86,0.96674,1.97763,2.86909,4.02379,4.85856,0.4,0.4,0.4,0,-0.4
216,-181.608,2334.33,284.961,3291.02,144.438,4302.14,45.841,5192.01,-434.547,6348.31,-1231.16,7183.03,0.95669,1.96781,2.85768,4.01398,4.8487,0.4,0.4,0.4,0,-0.4
217,-181.939,2344.16,285.043,3291.21,144.661,4301.91,47.7497,5194.52,-434.415,6348.57,-1230.77,7183.3,0.94705,1.95775,2.85036,4.00441,4.83914,0.4,0.4,0.4,0,-0.4
218,-182.776,2354.11,285.306,3291.2,144.558,4301.76,46.1977,5191.94,-434.379,6348.1,-1231.24,7183.03,0.93709,1.94765,2.83783,3.99399,4.82892,0.4,0.4,0.4,0,-0.4
219,-183.465,2363.87,284.85,3291.07,144.526,4301.72,46.2593,5192.36,-434.714,6348.28,-1231.22,7182.41,0.9272,1.93785,2.82849,3.98441,4.81854,0.4,0.4,0.4,0,-0.4
220,-184.133,2374.12,285.262,3290.98,144.569,4301.89,47.2668,5194.93,-434.318,6348.35,-1230.92,7183.48,0.91686,1.92777,2.82081,3.97423,4.80936,0.4,0.4,0.4,0,-0.4
221,-184.843,2383.88,285.207,3291.2,144.639,4301.83,46.7222,5194.06,-434.349,6348.28,-1231.13,7183.3,0.90732,1.91795,2.81018,3.9644,4.79942,0.4,0.4,0.4,0,-0.4
222,-185.459,2393.84,284.908,3291.02,144.55,4301.7,46.3879,5194.04,-434.679,6348.27,-1231.37,7182.55,0.89718,1.90786,2.8002,3.95443,4.78871,0.4,0.4,0.4,0,-0.4
223,-186.662,2404.39,285.332,3290.87,143.469,4301.98,45.4062,5192.38,-434.324,6348.22,-1231.12,7183.41,0.88648,1.89759,2.78799,3.94383,4.77902,0.4,0.4,0.4,0,-0.4
224,-187.054,2413.93,285.049,3291.1,143.857,4302,46.2814,5192.93,-434.436,6348.6,-1230.8,7183.18,0.87717,1.88807,2.779,3.93467,4.76925,0.4,0.4,0.4,0,-0.4
225,-187.771,2423.68,285.187,3290.78,144.555,4302.09,45.2492,5191.8,-434.489,6348.17,-1231.32,7182.86,0.8671,1.87841,2.76812,3.92449,4.75918,0.4,0.4,0.4,0,-0.4
226,-188.61,2434.4,285.326,3290.72,144.462,4302.12,45.9405,5191.79,-434.425,6348.14,-1230.97,7182.77,0.85632,1.86772,2.75739,3.91374,4.74837,0.4,0.4,0.4,0,-0.4
227,-188.746,2444.51,284.938,3291.15,143.732,4301.98,46.5604,5192.58,-434.542,6348.57,-1230.82,7182.96,0.84664,1.85747,2.74807,3.90406,4.73845,0.4,0.4,0.4,0,-0.4
228,-190.461,2454.66,285.189,3291.05,144.563,4302.15,46.9366,5192.51,-434.417,6348.13,-1231.22,7183.13,0.83639,1.84749,2.73785,3.89347,4.72847,0.4,0.4,0.4,0,-0.4
229,-190.892,2465.18,285.072,3291.1,144.516,4302.1,46.8397,5193.23,-434.536,6348.34,-1231.02,7182.68,0.82592,1.83692,2.72805,3.88316,4.7175,0.4,0.4,0.4,0,-0.4
230,-191.393,2475.64,285.15,3291.09,144.508,4302.16,46.7613,5192.48,-434.434,6348.33,-1230.97,7183.03,0.81545,1.82652,2.71684,3.87269,4.70739,0.4,0.4,0.4,0,-0.4
231,-192.281,2485.52,285.261,3290.68,144.499,4302.19,45.8712,5191.77,-434.391,6348.18,-1231.09,7183.05,0.80516,1.81667,2.70625,3.86266,4.69753,0.4,0.4,0.4,0,-0.4
232,-191.766,2495.56,285,3291.07,144.551,4302.15,45.6655,5192.05,-434.557,6348.46,-1231.11,7183.04,0.79551,1.80659,2.69649,3.8529,4.68748,0.4,0.4,0.4,0,-0.4
233,-192.625,2506.19,285.293,3290.98,144.465,4302.13,47.5527,5193.42,-434.368,6348.13,-1231.07,7182.83,0.78479,1.79594,2.68723,3.84194,4.67664,0.4,0.4,0.4,0,-0.4
234,-193.518,2516.21,285.024,3290.87,143.359,4301.95,47.1199,5193.46,-434.505,6348.42,-1231.2,7183.02,0.77466,1.78574,2.67725,3.83221,4.66681,0.4,0.4,0.4,0,-0.4
235,-192.874,2526.28,285.165,3290.94,144.644,4301.88,45.9508,5191.89,-434.384,6348.46,-1231.02,7183.3,0.76466,1.7756,2.66561,3.82218,4.65702,0.4,0.4,0.4,0,-0.4
236,-194.245,2536.58,285.309,3291.03,144.607,4301.75,46.8508,5192.33,-434.372,6348.05,-1230.99,7182.73,0.75445,1.76517,2.65575,3.81147,4.64615,0.4,0.4,0.4,0,-0.4
237,-194.725,2546.25,284.821,3291.15,144.557,4301.74,46.2642,5192.41,-434.699,6348.37,-1231.33,7182.68,0.7449,1.75549,2.64616,3.80212,4.63643,0.4,0.4,0.4,0,-0.4
238,-195.725,2556.35,285.324,3290.96,144.493,4302.26,47.0421,5192.57,-434.298,6348.3,-1230.95,7183.47,0.73461,1.74591,2.63622,3.79195,4.62712,0.4,0.4,0.4,0,-0.4
239,-196.341,2566.15,285.142,3290.99,144.484,4302.17,45.7629,5191.85,-434.46,6348.37,-1231.24,7183.3,0.72484,1.73602,2.6257,3.78222,4.61715,0.4,0.4,0.4,0,-0.4
240,-196.289,2575.85,284.988,3290.95,144.502,4302.06,46.3904,5192.34,-434.613,6348.27,-1231.21,7182.62,0.7151,1.72621,2.61649,3.77242,4.60677,0.4,0.4,0.4,0,-0.4
241,-197.423,2586.19,285.349,3291.1,144.505,4302.22,47.0055,5192.43,-434.263,6348.16,-1231.08,7183.37,0.70491,1.71603,2.60624,3.76197,4.59718,0.4,0.4,0.4,0,-0.4
242,-197.903,2595.9,284.953,3290.97,144.643,4301.86,46.5315,5192.58,-434.548,6348.55,-1230.87,7183,0.69507,1.70596,2.59668,3.75265,4.5871,0.4,0.4,0.4,0,-0.4
243,-198.761,2605.88,285.192,3291.03,144.6,4301.75,45.8184,5191.54,-434.438,6348.1,-1231.35,7183.11,0.68515,1.69587,2.58566,3.74222,4.57723,0.4,0.4,0.4,0,-0.4
244,-199.977,2616.32,285.236,3290.94,144.631,4301.83,45.9172,5191.88,-434.397,6348.32,-1230.98,7183.02,0.67462,1.68551,2.57556,3.732,4.5667,0.4,0.4,0.4,0,-0.4
245,-200.883,2626.12,285.047,3290.98,143.829,4301.65,44.2928,5191.56,-434.507,6348.51,-1231.06,7183.07,0.66486,1.67553,2.56544,3.72239,4.55695,0.4,0.4,0.4,0,-0.4
246,-202.224,2636.09,285.287,3291.01,144.565,4301.79,45.5871,5192.11,-434.382,6348.04,-1231.14,7183.01,0.65492,1.6657,2.55602,3.71195,4.54692,0.4,0.4,0.4,0,-0.4
247,-201.786,2646.26,284.966,3291.18,144.501,4301.84,45.1667,5192.11,-434.571,6348.45,-1231.11,7183.01,0.64492,1.65558,2.54585,3.70219,4.53675,0.4,0.4,0.4,0,-0.4
248,-203.284,2656.61,285.214,3291.02,144.547,4301.81,45.5426,5192.26,-434.389,6348.25,-1230.84,7182.98,0.63441,1.6452,2.53565,3.69164,4.52637,0.4,0.4,0.4,0,-0.4
249,-204.226,2666.78,285.049,3291.03,144.575,4301.8,45.3231,5192.07,-434.471,6348.24,-1231.16,7183.08,0.62425,1.63502,2.52529,3.68146,4.5163,0.4,0.4,0.4,0,-0.4
250,-204.657,2677,284.967,3291.13,144.527,4301.82,45.2228,5192.3,-434.564,6348.45,-1231.31,7183.12,0.61413,1.62482,2.5153,3.67145,4.50612,0.4,0.4,0.4,0,-0.4
251,-206.251,2687.5,285.414,3291.04,142.845,4302.02,45.589,5192.19,-434.235,6348.17,-1231.06,7183.3,0.60354,1.61452,2.50469,3.66067,4.4958,0.4,0.4,0.4,0,-0.4
252,-206.465,2697.1,284.914,3291.21,144.568,4302.16,46.7672,5194.62,-434.552,6348.51,-1231.02,7183.03,0.59411,1.60506,2.49752,3.65141,4.48593,0.4,0.4,0.4,0,-0.4
253,-207.848,2707.14,285.127,3291.06,143.915,4301.93,45.1626,5192.23,-434.47,6348.15,-1231.27,7183.03,0.58392,1.59479,2.48509,3.64101,4.47589,0.4,0.4,0.4,0,-0.4
254,-208.268,2717.44,285.279,3291.08,144.459,4302.12,45.3546,5192.33,-434.373,6348.17,-1231.03,7182.97,0.57364,1.58468,2.47489,3.63073,4.46553,0.4,0.4,0.4,0,-0.4
255,-208.529,2727.38,284.886,3291.18,144.672,4301.85,45.6464,5193.03,-434.573,6348.5,-1231.11,7182.93,0.5638,1.57447,2.46565,3.62112,4.45555,0.4,0.4,0.4,0,-0.4
256,-210.02,2737.61,285.232,3291.02,144.485,4302.16,45.959,5192.91,-434.388,6348.06,-1231.35,7183.27,0.55341,1.56455,2.4553,3.61045,4.44566,0.4,0.4,0.4,0,-0.4
257,-209.916,2747.64,285.064,3291.06,144.472,4301.81,45.8218,5193.03,-434.522,6348.46,-1231.05,7183.05,0.54342,1.55417,2.44539,3.60082,4.43541,0.4,0.4,0.4,0,-0.4
258,-210.682,2757.66,285.131,3291.19,144.619,4301.85,45.0767,5192.37,-434.406,6348.32,-1230.93,7183.07,0.53353,1.54419,2.43471,3.59066,4.42541,0.4,0.4,0.4,0,-0.4
259,-212.358,2767.68,285.196,3290.92,144.687,4301.82,45.9153,5192.95,-434.394,6348.19,-1231.21,7183.17,0.52324,1.53414,2.42527,3.58051,4.41549,0.4,0.4,0.4,0,-0.4
260,-212.374,2777.44,285.007,3290.92,144.552,4301.81,45.8156,5193.07,-434.576,6348.49,-1230.83,7182.66,0.51348,1.52437,2.41563,3.57105,4.40522,0.4,0.4,0.4,0,-0.4
261,-213.331,2787.64,285.354,3291.01,144.595,4301.8,46.0726,5192.95,-434.333,6348.13,-1231.15,7183.08,0.50337,1.51416,2.40531,3.56049,4.39544,0.4,0.4,0.4,0,-0.4
262,-214.146,2797.7,284.956,3291.06,144.657,4301.87,44.8481,5192.45,-434.54,6348.45,-1231.3,7183.22,0.49336,1.50417,2.39475,3.55075,4.38552,0.4,0.4,0.4,0,-0.4
263,-214.771,2807.79,285.155,3290.87,143.961,4301.56,45.9465,5193,-434.485,6348.29,-1230.68,7182.65,0.48308,1.49377,2.38521,3.5405,4.37486,0.4,0.4,0.4,0,-0.4
264,-215.32,2818.4,285.356,3290.95,143.757,4301.51,46.0144,5192.86,-434.394,6348.03,-1231.2,7182.99,0.47255,1.48311,2.37446,3.52963,4.36459,0.4,0.4,0.4,0,-0.4
265,-215.674,2828.39,284.905,3291.11,144.631,4301.87,45.6358,5193.06,-434.592,6348.5,-1231.08,7182.91,0.46272,1.47348,2.36467,3.52011,4.35452,0.4,0.4,0.4,0,-0.4
266,-216.665,2838.45,285.264,3291.19,144.626,4301.86,45.2981,5192.07,-434.295,6348.23,-1231.14,7183.44,0.45274,1.46341,2.35362,3.50978,4.34499,0.4,0.4,0.4,0,-0.4
267,-216.814,2848.17,285.045,3291.09,144.56,4301.81,45.7062,5192.91,-434.518,6348.35,-1231.21,7182.94,0.44292,1.45364,2.34474,3.50018,4.33477,0.4,0.4,0.4,0,-0.4
268,-217.417,2858.34,285.033,3290.86,144.6,4301.77,44.929,5192.2,-434.567,6348.25,-1231.56,7183.07,0.43252,1.44343,2.33386,3.48991,4.32473,0.4,0.4,0.4,0,-0.4
269,-218.986,2868.89,285.407,3290.81,144.649,4301.84,46.1817,5192.99,-434.258,6348.21,-1230.99,7183.29,0.42192,1.43295,2.3241,3.47932,4.3144,0.4,0.4,0.4,0,-0.4
270,-218.868,2878.94,285.033,3290.96,144.55,4301.86,44.9917,5192.49,-434.484,6348.58,-1230.89,7183.2,0.41202,1.42292,2.31355,3.46964,4.30426,0.4,0.4,0.4,0,-0.4
271,-220.316,2889.15,285.117,3291.09,144.52,4301.73,45.8867,5191.7,-434.5,6348,-1231.65,7183.04,0.40194,1.41258,2.30255,3.45885,4.29389,0.4,0.4,0.4,0,-0.4
272,-220.549,2899.42,285.121,3290.96,144.614,4301.81,45.7383,5191.72,-434.514,6348.36,-1231.07,7182.89,0.39154,1.40239,2.2923,3.44894,4.28347,0.4,0.4,0.4,0,-0.4
273,-221.207,2909.59,285.108,3291.1,144.562,4301.91,47.4557,5193.66,-434.417,6348.54,-1230.76,7183.26,0.38151,1.39232,2.28407,3.43895,4.27367,0.4,0.4,0.4,0,-0.4
274,-223.264,2919.45,285.296,3290.78,144.44,4302.11,47.4649,5193.31,-434.428,6347.98,-1231.32,7182.9,0.37133,1.38266,2.27386,3.42853,4.26345,0.4,0.4,0.4,0,-0.4
275,-223.102,2929.36,284.986,3290.97,143.52,4301.88,47.1714,5193.49,-434.617,6348.38,-1231.27,7182.94,0.36161,1.37252,2.26413,3.41902,4.25358,0.4,0.4,0.4,0,-0.4
276,-224.325,2939.89,285.323,3291.05,144.525,4302.24,47.7112,5193.61,-434.255,6348.34,-1230.72,7183.35,0.35116,1.36235,2.25372,3.40845,4.24346,0.4,0.4,0.4,0,-0.4
277,-225.29,2949.7,285.008,3291.08,144.643,4301.87,47.2441,5193.52,-434.477,6348.39,-1230.94,7183.03,0.34138,1.35217,2.24382,3.39869,4.23333,0.4,0.4,0.4,0,-0.4
278,-225.386,2959.47,284.935,3291.04,143.732,4301.51,47.0448,5193.38,-434.626,6348.36,-1230.92,7182.48,0.33157,1.34204,2.23391,3.38889,4.22301,0.4,0.4,0.4,0,-0.4
279,-227.027,2970.15,285.388,3290.91,144.577,4301.76,47.6772,5193.4,-434.322,6348.07,-1231.01,7182.93,0.32076,1.33161,2.22325,3.37792,4.21278,0.4,0.4,0.4,0,-0.4
280,-227.243,2979.93,284.996,3291.01,144.642,4301.89,47.123,5193.52,-434.507,6348.51,-1231.26,7183.36,0.31108,1.32196,2.21359,3.36858,4.20343,0.4,0.4,0.4,0,-0.4
281,-228.603,2989.84,285.163,3291.17,144.659,4301.84,47.4288,5193.44,-434.393,6348.21,-1230.86,7182.98,0.30133,1.312,2.2036,3.35837,4.19314,0.4,0.4,0.4,0,-0.4
282,-229.311,3000.2,285.22,3290.97,144.528,4301.78,47.8458,5194.35,-434.457,6348.22,-1231.28,7183.04,0.29077,1.30158,2.19415,3.34802,4.18284,0.4,0.4,0.4,0,-0.4
283,-229.786,3010.41,284.957,3291.01,144.014,4301.65,47.7132,5194.46,-434.582,6348.45,-1231.26,7183.07,0.2806,1.29124,2.18405,3.33804,4.17266,0.4,0.4,0.4,0,-0.4
284,-231.529,3021.08,285.253,3290.99,144.543,4302.2,46.8721,5192.43,-434.322,6348.23,-1230.91,7183.22,0.26991,1.28112,2.17135,3.32715,4.16214,0.4,0.4,0.4,0,-0.4
285,-231.419,3031.15,285.003,3291.04,144.452,4302.11,46.5528,5192.46,-434.563,6348.38,-1231.13,7183.06,0.25989,1.27096,2.16131,3.31723,4.15191,0.4,0.4,0.4,0,-0.4
286,-232.698,3041.64,285.151,3290.88,144.455,4302.1,46.6316,5192.34,-434.512,6348.08,-1231.54,7183.02,0.24924,1.26046,2.1507,3.30644,4.14138,0.4,0.4,0.4,0,-0.4
287,-232.879,3051.79,285.24,3290.88,144.574,4302.23,46.4207,5192.25,-434.355,6348.38,-1231.06,7183.35,0.23909,1.25044,2.14046,3.29659,4.13156,0.4,0.4,0.4,0,-0.4
288,-232.936,3061.24,285.062,3290.99,144.532,4302.23,46.8118,5193.23,-434.457,6348.61,-1230.87,7183.29,0.22975,1.24099,2.13199,3.28737,4.12205,0.4,0.4,0.4,0,-0.4
289,-234.53,3071.09,285.167,3291.07,144.416,4302.06,46.6316,5192.25,-434.487,6347.99,-1231.44,7182.86,0.21998,1.23097,2.12116,3.2769,4.11177,0.4,0.4,0.4,0,-0.4
290,-234.849,3081.08,285.035,3291.11,144.516,4302.12,45.5279,5191.73,-434.528,6348.41,-1231.02,7182.81,0.21003,1.22104,2.11065,3.26733,4.10173,0.4,0.4,0.4,0,-0.4
291,-235.624,3091.07,285.232,3291.08,144.643,4302.26,46.9078,5192.57,-434.298,6348.38,-1230.81,7183.35,0.20001,1.21119,2.1015,3.25731,4.09228,0.4,0.4,0.4,0,-0.4
292,-236.466,3100.76,285.229,3290.81,144.462,4302.1,48.8511,5195.22,-434.498,6348.1,-1231.51,7183.14,0.19005,1.20134,2.09446,3.24734,4.08238,0.4,0.4,0.4,0,-0.4
293,-237.114,3111.31,284.937,3290.86,144.416,4302.07,47.7754,5195.29,-434.583,6348.4,-1231.04,7182.81,0.17955,1.19076,2.08398,3.23709,4.0715,0.4,0.4,0.4,0,-0.4
294,-238.284,3121.69,285.21,3290.8,144.473,4302.22,45.3251,5192.51,-434.337,6348.27,-1230.95,7183.26,0.16911,1.18053,2.07082,3.22658,4.06157,0.4,0.4,0.4,0,-0.4
295,-238.412,3131.29,284.935,3290.84,144.555,4301.84,46.748,5194.86,-434.589,6348.46,-1231.29,7183.17,0.15955,1.17055,2.06357,3.21717,4.05188,0.4,0.4,0.4,0,-0.4
296,-238.956,3141.75,285.109,3290.8,144.493,4301.76,46.603,5193.97,-434.441,6348.2,-1231.23,7183.17,0.14905,1.16001,2.05222,3.20645,4.04142,0.4,0.4,0.4,0,-0.4
297,-239.838,3152.33,285.181,3290.72,144.617,4301.76,46.6314,5193.97,-434.409,6348.15,-1231.32,7183.02,0.13839,1.14943,2.04164,3.19582,4.03069,0.4,0.4,0.4,0,-0.4
298,-241.025,3162.66,284.837,3290.91,144.621,4301.84,46.8114,5194.88,-434.565,6348.44,-1230.96,7182.78,0.12825,1.13918,2.03222,3.18578,4.02012,0.4,0.4,0.4,0,-0.4
299,-242.573,3173.52,285.23,3290.94,144.525,4301.85,46.8634,5194.12,-434.291,6348.24,-1230.95,7183.25,0.11742,1.12833,2.0206,3.17472,4.00973,0.4,0.4,0.4,0,-0.4
300,-242.237,3183.59,284.977,3291.07,144.623,4301.83,45.0386,5192.34,-434.508,6348.39,-1231.11,7182.99,0.10748,1.11824,2.00875,3.1648,3.9994,0.4,0.4,0.4,0,-0.4
301,-242.97,3193.44,284.954,3290.9,144.647,4301.81,45.7828,5192.97,-434.485,6348.26,-1231.28,7182.92,0.09746,1.10837,1.99953,3.15482,3.98948,0.4,0.4,0.4,0,-0.4
302,-244.274,3203.49,285.18,3290.93,143.971,4301.63,47.2413,5194.9,-434.333,6348.24,-1231.04,7183.25,0.08744,1.09814,1.99141,3.14475,3.97976,0.4,0.4,0.4,0,-0.4
303,-244.782,3213.22,284.934,3290.83,144.456,4301.79,46.9802,5194.93,-434.541,6348.4,-1230.82,7182.89,0.07761,1.08857,1.98171,3.13518,3.96967,0.4,0.4,0.4,0,-0.4
304,-247.024,3223.27,285.025,3290.64,144.57,4301.7,45.2187,5192.32,-434.519,6348.06,-1231.49,7182.9,0.06737,1.07843,1.96905,3.12479,3.95963,0.4,0.4,0.4,0,-0.4
305,-246.713,3232.93,284.978,3290.87,144.664,4301.82,45.0675,5192.53,-434.473,6348.45,-1231.2,7183.25,0.05794,1.06889,1.9596,3.11552,3.95032,0.4,0.4,0.4,0,-0.4
306,-247.282,3242.95,285.174,3290.93,144.602,4301.91,45.3468,5192.58,-434.332,6348.47,-1230.78,7183.38,0.04798,1.05896,1.94963,3.10552,3.94043,0.4,0.4,0.4,0,-0.4
307,-248.044,3252.61,285.053,3290.79,144.489,4301.75,46.4517,5192.2,-434.512,6348.08,-1231.13,7182.74,0.03818,1.04914,1.93959,3.09547,3.93013,0.4,0.4,0.4,0,-0.4
308,-248.557,3262.51,284.897,3290.95,143.937,4301.62,45.6566,5191.8,-434.567,6348.36,-1231.23,7182.84,0.02844,1.03911,1.92929,3.08585,3.92033,0.4,0.4,0.4,0,-0.4
309,-248.864,3272.22,285.206,3290.87,144.02,4301.63,46.0685,5191.99,-434.299,6348.25,-1231.07,7183.26,0.01865,1.02941,1.91977,3.07603,3.91104,0.4,0.4,0.4,0,-0.4
310,-249.868,3281.99,285.31,3291.33,144.543,4301.79,45.5667,5191.99,-434.557,6348.34,-1231.15,7182.96,0.00934,1.0198,1.91,3.06635,3.90097,0.4,0.4,0.4,0,-0.4
311,-250.591,3292.48,285.406,3291.38,144.555,4301.81,47.4083,5193.57,-434.462,6348.33,-1231.15,7183.16,-0.0011,1.00933,1.90109,3.05585,3.89068,0.4,0.4,0.4,0,-0.4
312,-251.211,3302.73,285.649,3291.35,144.636,4301.83,47.4952,5193.46,-434.327,6348.25,-1231.17,7183.24,-0.01138,0.9991,1.89073,3.04552,3.88051,0.4,0.4,0.4,0,-0.4
313,-252.372,3312.77,285.306,3291.25,144.578,4301.79,45.6565,5191.92,-434.568,6348.35,-1231.13,7182.85,-0.02152,0.98902,1.87915,3.03558,3.87008,0.4,0.4,0.4,0,-0.4
314,-252.859,3323.39,285.576,3291.43,144.528,4301.82,46.9032,5192.47,-434.37,6348.21,-1230.99,7183.4,-0.03196,0.97843,1.86908,3.02482,3.86001,0.4,0.4,0.4,0,-0.4
315,-253.658,3333.67,285.449,3291.34,144.023,4301.59,46.5816,5192.41,-434.479,6348.34,-1230.91,7182.72,-0.04233,0.96792,1.85874,3.01467,3.84905,0.4,0.4,0.4,0,-0.4
316,-254.242,3343.4,285.274,3290.6,144.644,4301.76,46.369,5192.32,-434.568,6348.27,-1231.31,7182.66,-0.0528,0.95836,1.84892,3.00487,3.83926,0.4,0.4,0.4,0,-0.4
317,-254.728,3353.63,285.662,3291.42,144.565,4301.87,47.4177,5193.06,-434.319,6348.3,-1231.07,7183.49,-0.06221,0.94824,1.83943,2.99467,3.82986,0.4,0.4,0.4,0,-0.4
318,-255.898,3363.8,285.321,3290.74,144.501,4301.85,45.7871,5191.9,-434.492,6348.44,-1230.75,7183.04,-0.07306,0.93805,1.8281,2.98464,3.81924,0.4,0.4,0.4,0,-0.4
319,-258.129,3373.77,285.479,3291.24,144.599,4302.09,45.8712,5191.89,-434.472,6348.12,-1231.52,7182.93,-0.08253,0.92832,1.81812,2.97435,3.80916,0.4,0.4,0.4,0,-0.4
320,-258.504,3383.53,285.534,3291.35,144.522,4302.15,45.7736,5191.58,-434.426,6348.32,-1230.92,7182.99,-0.09218,0.918619999999999,1.80805,2.96479,3.79946,0.4,0.4,0.4,0,-0.4
321,-258.621,3393.37,285.443,3291.27,144.499,4302.17,45.7838,5191.94,-434.463,6348.42,-1231.01,7183.24,-0.1021,0.9088,1.79857,2.95505,3.78987,0.4,0.4,0.4,0,-0.4
322,-259.478,3403.17,285.44,3291.19,143.883,4301.92,45.0695,5192.44,-434.487,6348.18,-1231.36,7183.02,-0.11198,0.89875,1.78927,2.94501,3.77985,0.4,0.4,0.4,0,-0.4
323,-259.755,3412.82,285.479,3291.29,143.784,4301.94,44.9218,5192.25,-434.475,6348.36,-1231.4,7183.06,-0.12153,0.889119999999999,1.77943,2.93554,3.77024,0.4,0.4,0.4,0,-0.4
324,-260.21,3422.64,285.662,3291.43,143.467,4301.97,46.2047,5193.1,-434.315,6348.28,-1230.9,7183.26,-0.13121,0.87933,1.77046,2.92564,3.76062,0.4,0.4,0.4,0,-0.4
325,-261.225,3432.94,285.367,3290.15,144.592,4301.83,46.6366,5194.57,-434.477,6348.33,-1230.78,7182.85,-0.14279,0.86889,1.76163,2.91539,3.74991,0.4,0.4,0.4,0,-0.4
326,-262.269,3443.06,285.329,3290.27,144.653,4301.8,46.3423,5193.94,-434.52,6348.31,-1231.37,7183.04,-0.15279,0.85874,1.75088,2.90525,3.73998,0.4,0.4,0.4,0,-0.4
327,-263.098,3452.88,285.507,3290.44,143.627,4301.58,46.5934,5193.97,-434.411,6348.21,-1231.08,7182.8,-0.16244,0.8487,1.74109,2.89533,3.72992,0.4,0.4,0.4,0,-0.4
328,-264.232,3463.08,285.257,3290.2,143.126,4301.58,44.9257,5192.34,-434.557,6348.39,-1231.06,7182.99,-0.17288,0.8385,1.72926,2.88531,3.71991,0.4,0.4,0.4,0,-0.4
329,-264.626,3473.38,285.516,3290.22,144.544,4301.99,46.0241,5193.05,-434.382,6348.28,-1231.03,7183.17,-0.18316,0.82861,1.71967,2.8749,3.70979,0.4,0.4,0.4,0,-0.4
330,-265.01,3483.19,285.571,3290.44,144.662,4301.8,45.9817,5192.95,-434.356,6348.28,-1231.05,7182.89,-0.19275,0.81861,1.70976,2.86509,3.6997,0.4,0.4,0.4,0,-0.4
331,-265.686,3493.06,285.346,3289.97,144.605,4301.77,44.9268,5192.17,-434.543,6348.29,-1231.32,7183.04,-0.20309,0.808710000000001,1.69911,2.85523,3.68998,0.4,0.4,0.4,0,-0.4
332,-266.258,3503.54,285.459,3289.83,144.499,4301.83,45.8667,5193.01,-434.466,6348.28,-1231.23,7183.32,-0.21371,0.79829,1.68947,2.84474,3.67978,0.4,0.4,0.4,0,-0.4
333,-266.95,3513.52,285.389,3290.5,144.628,4301.84,45.0758,5192.27,-434.446,6348.41,-1231.2,7183.26,-0.22302,0.78832,1.67875,2.83489,3.66974,0.4,0.4,0.4,0,-0.4
334,-267.88,3523.18,285.467,3290.31,144.744,4301.76,44.9402,5191.99,-434.457,6348.19,-1231.24,7182.68,-0.23287,0.77858,1.66881,2.82501,3.6595,0.4,0.4,0.4,0,-0.4
335,-268.765,3533.39,285.511,3290.23,144.523,4301.86,44.0111,5191.47,-434.396,6348.29,-1230.98,7183.28,-0.24316,0.76847,1.65808,2.8149,3.64989,0.4,0.4,0.4,0,-0.4
336,-269.694,3543.67,285.515,3289.98,144.502,4301.92,46.1039,5193.18,-434.385,6348.48,-1230.89,7183.44,-0.25369,0.75825,1.64951,2.80481,3.63977,0.4,0.4,0.4,0,-0.4
337,-270.58,3552.78,285.776,3290.45,144.633,4301.75,44.8236,5192.31,-434.536,6348.2,-1231.46,7182.95,-0.26233,0.74897,1.63953,2.79542,3.63017,0.4,0.4,0.4,0,-0.4
338,-270.977,3562.39,285.363,3290.24,144.584,4301.78,45.7195,5192.91,-434.532,6348.31,-1231.3,7182.9,-0.27215,0.73939,1.63052,2.78592,3.62051,0.4,0.4,0.4,0,-0.4
339,-271.264,3572.42,285.49,3290.34,144.479,4301.83,46.8606,5194.64,-434.365,6348.32,-1230.72,7183.14,-0.28208,0.72941,1.62222,2.7759,3.61072,0.4,0.4,0.4,0,-0.4
340,-272.077,3581.96,285.386,3290.23,144.603,4301.79,45.8863,5192.97,-434.486,6348.25,-1230.98,7182.85,-0.29173,0.71983,1.61101,2.76629,3.60089,0.4,0.4,0.4,0,-0.4
341,-272.995,3591.38,285.457,3290.24,144.597,4301.79,45.0219,5192.31,-434.499,6348.25,-1231.21,7182.79,-0.30114,0.71041,1.60093,2.75687,3.59141,0.4,0.4,0.4,0,-0.4
342,-273.925,3601.32,285.695,3290.48,144.516,4301.85,46.0608,5193.06,-434.387,6348.32,-1230.94,7183.22,-0.31084,0.70053,1.59174,2.747,3.5819,0.4,0.4,0.4,0,-0.4
343,-275.238,3611.24,285.374,3290.59,144.661,4301.88,45.2688,5192.51,-434.481,6348.46,-1231.04,7183.17,-0.32065,0.69064,1.58127,2.73722,3.57193,0.4,0.4,0.4,0,-0.4
344,-276.089,3620.74,285.68,3289.94,144.702,4301.83,45.7687,5192.92,-434.431,6348.25,-1231.31,7182.96,-0.3308,0.68109,1.57218,2.72751,3.56222,0.4,0.4,0.4,0,-0.4
345,-276.702,3630.29,285.673,3290.59,144.591,4301.76,45.0484,5192.38,-434.416,6348.21,-1231.19,7182.92,-0.3397,0.67147,1.56209,2.71792,3.55263,0.4,0.4,0.4,0,-0.4
346,-277.56,3640.54,285.493,3290.35,144.456,4301.82,45.9564,5193.04,-434.503,6348.33,-1230.9,7183.17,-0.35019,0.66128,1.5525,2.70779,3.54263,0.4,0.4,0.4,0,-0.4
347,-278.251,3650.71,285.519,3288.68,144.587,4301.88,45.0521,5192.37,-434.43,6348.35,-1231.08,7183.28,-0.36203,0.65117,1.54166,2.69764,3.53257,0.4,0.4,0.4,0,-0.4
348,-279.104,3660.5,285.611,3290.38,144.6,4301.81,43.8584,5191.42,-434.479,6348.34,-1231.02,7182.8,-0.37012,0.64131,1.53092,2.68784,3.5223,0.4,0.4,0.4,0,-0.4
349,-280.497,3670.46,285.536,3290.24,144.518,4301.76,47.0295,5194.84,-434.538,6348.23,-1231,7182.78,-0.38022,0.6313,1.52438,2.67777,3.51232,0.4,0.4,0.4,0,-0.4
350,-281.62,3681.01,285.582,3290.16,144.555,4301.85,47.092,5195.21,-434.459,6348.3,-1231,7183.15,-0.39085,0.62084,1.5142,2.66729,3.50214,0.4,0.4,0.4,0,-0.4
351,-282.479,3690.91,285.664,3290.66,144.599,4301.82,46.3246,5193.61,-434.37,6348.34,-1231.13,7183.14,-0.40025,0.61091,1.5027,2.65743,3.49223,0.4,0.4,0.4,0,-0.4
352,-283.355,3700.34,285.611,3290.35,144.511,4302.05,46.8625,5194.62,-434.509,6348.14,-1231.3,7182.75,-0.40999,0.60171,1.49428,2.6478,3.48241,0.4,0.4,0.4,0,-0.4
353,-283.989,3710.65,285.501,3290.43,144.536,4302.19,46.578,5194.15,-434.49,6348.39,-1231.13,7183.3,-0.42022,0.591539999999999,1.4835,2.63774,3.47265,0.4,0.4,0.4,0,-0.4
354,-284.522,3720.89,285.917,3290.4,144.568,4302.28,46.7931,5194.23,-434.295,6348.48,-1230.78,7183.39,-0.43049,0.58139,1.47334,2.62759,3.4625,0.4,0.4,0.4,0,-0.4
355,-285.395,3730.48,285.863,3290.81,144.539,4302.08,46.3956,5193.92,-434.523,6348.26,-1231.16,7182.69,-0.43967,0.5716,1.46344,2.61778,3.45221,0.4,0.4,0.4,0,-0.4
356,-286.522,3740.6,285.521,3290.29,144.401,4302.07,46.419,5193.94,-434.569,6348.16,-1231.39,7182.93,-0.45031,0.56147,1.45334,2.60756,3.44233,0.4,0.4,0.4,0,-0.4
357,-287.432,3751.09,285.737,3290.3,144.473,4302.25,46.8429,5194.22,-434.333,6348.35,-1230.77,7183.3,-0.46079,0.55116,1.44313,2.59726,3.43221,0.4,0.4,0.4,0,-0.4
358,-288.501,3760.84,285.551,3290.31,144.68,4302.07,46.9989,5194.9,-434.46,6348.4,-1231.04,7183.08,-0.47053,0.54123,1.43406,2.58756,3.42224,0.4,0.4,0.4,0,-0.4
359,-289.303,3770.3,285.559,3290.4,144.609,4301.68,44.9131,5192.25,-434.519,6348.19,-1231.22,7182.64,-0.4799,0.53138,1.42195,2.57789,3.41234,0.4,0.4,0.4,0,-0.4
360,-289.7,3780.58,285.632,3290.2,144.488,4301.74,45.8994,5193.01,-434.457,6348.32,-1230.9,7182.92,-0.49038,0.52116,1.41243,2.56774,3.40234,0.4,0.4,0.4,0,-0.4
361,-290.4,3790.71,285.551,3290.26,144.62,4301.81,45.9339,5193.07,-434.438,6348.43,-1230.83,7183.16,-0.50045,0.5111,1.40236,2.55772,3.39245,0.4,0.4,0.4,0,-0.4
362,-291.45,3800.62,285.686,3290.13,144.663,4301.67,45.7126,5192.8,-434.451,6348.14,-1231.39,7182.86,-0.51049,0.50105,1.39218,2.54752,3.38224,0.4,0.4,0.4,0,-0.4
363,-292.364,3810.6,285.631,3290.37,144.557,4301.67,45.8212,5192.89,-434.477,6348.27,-1231.08,7182.68,-0.52023,0.49107,1.38229,2.53767,3.37208,0.4,0.4,0.4,0,-0.4
364,-293.361,3820.79,285.716,3290.21,144.631,4301.85,45.9945,5193.02,-434.334,6348.42,-1230.87,7183.47,-0.53058,0.48106,1.37223,2.52763,3.36268,0.4,0.4,0.4,0,-0.4
365,-294.432,3830.31,285.401,3288.64,144.639,4301.8,44.906,5192.26,-434.479,6348.38,-1231.32,7183.38,-0.54167,0.47149,1.36195,2.51807,3.35307,0.4,0.4,0.4,0,-0.4
366,-295.152,3839.88,285.583,3290.29,144.543,4301.66,45.0055,5192.26,-434.522,6348.3,-1231.42,7182.98,-0.54959,0.46178,1.35238,2.50842,3.3431,0.4,0.4,0.4,0,-0.4
367,-295.969,3849.9,285.663,3290.46,144.445,4302.08,45.0259,5191.98,-434.43,6348.2,-1230.97,7182.94,-0.55944,0.45218,1.34208,2.4983,3.33304,0.4,0.4,0.4,0,-0.4
368,-297.085,3860.12,285.484,3290.19,144.53,4302.15,46.9676,5194.92,-434.483,6348.4,-1231.17,7183.18,-0.56993,0.44203,1.3348,2.48828,3.32306,0.4,0.4,0.4,0,-0.4
369,-297.632,3870.12,285.778,3290.34,144.569,4302.15,45.2672,5192.31,-434.358,6348.25,-1231.16,7183.25,-0.57978,0.43203,1.32219,2.47813,3.31313,0.4,0.4,0.4,0,-0.4
370,-298.661,3880.07,285.643,3290.21,144.419,4302.05,47.0242,5194.8,-434.511,6348.2,-1231.21,7182.96,-0.58986,0.42198,1.31473,2.46813,3.30289,0.4,0.4,0.4,0,-0.4
371,-299.832,3890.09,285.385,3290.08,144.413,4302.11,46.3458,5194.04,-434.59,6348.38,-1231.12,7182.94,-0.60001,0.41202,1.30395,2.45829,3.29285,0.4,0.4,0.4,0,-0.4
372,-300.264,3900.03,285.759,3290.48,144.52,4302.23,46.8632,5194.21,-434.274,6348.39,-1230.9,7183.58,-0.60955,0.402199999999999,1.29418,2.44836,3.28355,0.4,0.4,0.4,0,-0.4
373,-301.33,3909.48,285.575,3290.36,144.491,4302.02,46.4129,5193.92,-434.509,6348.28,-1231.15,7182.72,-0.61912,0.39254,1.28444,2.4388,3.27324,0.4,0.4,0.4,0,-0.4
374,-302.123,3919.21,285.547,3290.16,144.45,4301.98,46.3476,5193.82,-434.557,6348.1,-1231.47,7182.92,-0.62905,0.382769999999999,1.27461,2.42889,3.26371,0.4,0.4,0.4,0,-0.4
375,-302.716,3929.47,285.708,3290.53,144.523,4302.23,47.174,5194.96,-434.32,6348.38,-1230.94,7183.39,-0.63894,0.37276,1.26549,2.41891,3.25392,0.4,0.4,0.4,0,-0.4
376,-303.684,3939.38,285.539,3290.36,144.443,4302.28,45.1509,5192.41,-434.475,6348.47,-1230.96,7183.04,-0.64902,0.3629,1.25303,2.40909,3.24366,0.4,0.4,0.4,0,-0.4
377,-304.767,3949.38,285.55,3290.19,144.481,4302.27,46.2868,5194.15,-434.556,6348.11,-1231.44,7182.8,-0.65919,0.35289,1.24477,2.39873,3.23342,0.4,0.4,0.4,0,-0.4
378,-305.876,3959.54,285.566,3290.46,144.484,4302.44,47.1553,5195.18,-434.452,6348.36,-1230.99,7183.08,-0.66908,0.3429,1.23564,2.38882,3.22354,0.4,0.4,0.4,0,-0.4
379,-306.651,3969.35,285.659,3290.53,144.57,4302.21,46.8276,5194.23,-434.323,6348.44,-1230.95,7183.42,-0.67882,0.33286,1.22488,2.37909,3.21407,0.4,0.4,0.4,0,-0.4
380,-307.682,3978.83,285.584,3290.33,144.498,4302.24,46.4114,5193.86,-434.49,6348.08,-1231.37,7182.81,-0.6885,0.32341,1.21503,2.36925,3.20398,0.4,0.4,0.4,0,-0.4
381,-308.457,3988.93,285.43,3290.5,144.429,4302.32,47.0548,5194.89,-434.613,6348.28,-1231.14,7182.74,-0.69843,0.31339,1.20596,2.35935,3.19381,0.4,0.4,0.4,0,-0.4
382,-309.013,3999.23,285.635,3290.49,144.439,4302.51,45.661,5193.3,-434.359,6348.43,-1230.7,7183.33,-0.70874,0.30328,1.19407,2.3492,3.1841,0.4,0.4,0.4,0,-0.4
383,-310.045,4009.41,285.485,3290.21,144.603,4302.41,46.4822,5194.1,-434.483,6348.42,-1231.1,7182.99,-0.7192,0.293,1.18469,2.33901,3.17358,0.4,0.4,0.4,0,-0.4
384,-310.625,4019.72,285.593,3290.5,144.534,4302.31,46.4854,5193.92,-434.484,6348.2,-1231.34,7182.9,-0.72922,0.282590000000001,1.1742,2.32848,3.16318,0.4,0.4,0.4,0,-0.4
385,-311.342,4029.64,285.795,3290.27,144.431,4302.39,47.529,5193.4,-434.345,6348.16,-1231.07,7183.15,-0.73937,0.27275,1.16376,2.31852,3.15351,0.4,0.4,0.4,0,-0.4
386,-312.24,4039.47,285.378,3290.48,144.587,4302.45,47.1468,5193.52,-434.495,6348.46,-1231,7182.94,-0.74899,0.26298,1.15405,2.30899,3.14347,0.4,0.4,0.4,0,-0.4
387,-312.813,4049.39,285.595,3290.44,144.59,4302.44,47.3237,5193.41,-434.405,6348.25,-1231.07,7183.02,-0.75895,0.25305,1.14402,2.29886,3.13363,0.4,0.4,0.4,0,-0.4
388,-313.67,4059.2,285.52,3290.67,144.567,4301.98,47.6944,5194.3,-434.517,6348.25,-1231.03,7182.66,-0.76853,0.24278,1.1351,2.28905,3.12346,0.4,0.4,0.4,0,-0.4
389,-314.557,4069.1,285.473,3290.2,144.619,4302.06,45.6416,5191.99,-434.532,6348.36,-1231.01,7182.99,-0.7789,0.23296,1.12289,2.27926,3.11389,0.4,0.4,0.4,0,-0.4
390,-315.933,4079.91,285.866,3290.51,144.683,4302.18,46.0604,5191.88,-434.244,6348.32,-1230.95,7183.51,-0.7894,0.22227,1.11197,2.26841,3.1036,0.4,0.4,0.4,0,-0.4
391,-315.901,4089.07,285.465,3290.09,144.982,4301.83,48.9584,5195.37,-434.536,6348.28,-1231.2,7182.81,-0.79898,0.21276,1.1063,2.25921,3.09374,0.4,0.4,0.4,0,-0.4
392,-316.902,4098.96,285.397,3290.53,144.873,4301.71,47.2003,5193.34,-434.612,6348.09,-1231.36,7182.71,-0.80843,0.20275,1.09438,2.24913,3.08375,0.4,0.4,0.4,0,-0.4
393,-317.538,4109.15,285.495,3288.95,145.05,4302.07,46.0164,5192.1,-434.354,6348.51,-1231.02,7183.49,-0.8202,0.19292,1.08295,2.23936,3.07434,0.4,0.4,0.4,0,-0.4
394,-318.479,4118.96,285.513,3290.57,145.139,4302.01,45.6406,5191.96,-434.414,6348.5,-1231,7183.21,-0.82839,0.18305,1.073,2.22954,3.06425,0.4,0.4,0.4,0,-0.4
395,-319.272,4128.86,285.654,3290.31,145.058,4301.76,46.6364,5192.21,-434.495,6348.01,-1231.35,7182.71,-0.83855,0.172900000000001,1.06335,2.21915,3.05385,0.4,0.4,0.4,0,-0.4
396,-320.233,4139.41,285.522,3290.49,144.945,4301.94,46.6636,5192.45,-434.483,6348.32,-1231.07,7183.12,-0.84892,0.16253,1.05304,2.20891,3.04371,0.4,0.4,0.4,0,-0.4
397,-320.858,4149.8,285.538,3290.68,144.97,4301.98,45.8216,5191.75,-434.37,6348.38,-1230.84,7183.27,-0.85912,0.152179999999999,1.04195,2.19858,3.03347,0.4,0.4,0.4,0,-0.4
398,-321.523,4159.92,285.8,3291.55,145.077,4301.87,46.7239,5192.48,-434.514,6348.24,-1231.34,7182.71,-0.86837,0.14195,1.03256,2.18832,3.02279,0.4,0.4,0.4,0,-0.4
399,-322.243,4170.47,285.492,3291.38,144.606,4302.02,46.4917,5192.43,-434.573,6348.36,-1231.21,7182.93,-0.87909,0.13155,1.02196,2.17789,3.01246,0.4,0.4,0.4,0,-0.4
400,-323.913,4181.14,285.809,3292,145.009,4302,46.0031,5192,-434.324,6348.28,-1230.99,7183.36,-0.88914,0.12086,1.01086,2.16714,3.00222,0.4,0.4,0.4,0,-0.4
401,-325.135,4190.85,285.14,3289.69,145.064,4301.98,45.7912,5192,-434.469,6348.42,-1230.9,7182.94,-0.90116,0.111129999999999,1.00115,2.15757,2.99209,0.4,0.4,0.4,0,-0.4
402,-326.346,4200.62,285.185,3290.11,144.946,4301.81,45.9962,5191.95,-434.471,6348.18,-1231.34,7182.95,-0.91051,0.101190000000001,0.99133,2.14756,2.98233,0.4,0.4,0.4,0,-0.4
403,-327.337,4210.61,285.145,3290.44,144.848,4301.81,46.0964,5191.81,-434.461,6348.19,-1231.39,7183.19,-0.92017,0.091200000000001,0.981200000000001,2.13758,2.97258,0.4,0.4,0.4,0,-0.4
404,-327.177,4219.84,284.979,3291.12,144.367,4302.04,46.8567,5194.92,-434.558,6348.56,-1230.97,7183.08,-0.92872,0.0822,0.97508,2.12872,2.96324,0.4,0.4,0.4,0,-0.4
405,-327.402,4229.59,285.331,3291.09,144.747,4302.04,45.1055,5192.46,-434.366,6348.21,-1231.29,7183.19,-0.9385,0.07245,0.96287,2.11862,2.9536,0.4,0.4,0.4,0,-0.4
406,-328.42,4239.53,285.587,3291.25,144.979,4301.85,44.9849,5192.42,-434.55,6348.2,-1231.08,7182.62,-0.94828,0.062320000000001,0.95289,2.10867,2.94309,0.4,0.4,0.4,0,-0.4
407,-329.494,4249.64,285.528,3291.48,144.98,4301.92,45.9379,5193.01,-434.474,6348.3,-1231.15,7183.1,-0.95816,0.05228,0.94337,2.09866,2.93346,0.4,0.4,0.4,0,-0.4
408,-330.295,4259.51,285.763,3291.44,145.084,4302.05,45.1643,5192.46,-434.282,6348.3,-1231.06,7183.51,-0.96807,0.04254,0.93295,2.08879,2.924,0.4,0.4,0.4,0,-0.4
409,-331.663,4269.46,285.142,3290.88,145.134,4301.6,45.7859,5193.07,-434.569,6348.45,-1231.26,7183.05,-0.97858,0.03214,0.92361,2.07899,2.91359,0.4,0.4,0.4,0,-0.4
410,-332.249,4279.68,285.328,3290.82,144.43,4301.71,47.2316,5194.7,-434.478,6348.18,-1230.86,7182.69,-0.98886,0.02203,0.915019999999999,2.0685,2.90301,0.4,0.4,0.4,0,-0.4
411,-333.013,4289.96,285.183,3291.07,145.201,4301.7,45.3452,5192.59,-434.434,6348.4,-1231.14,7183.46,-0.99889,0.01174,0.90263,2.05844,2.8935,0.4,0.4,0.4,0,-0.4
412,-333.852,4300.03,285.131,3291.16,145.08,4301.62,45.7658,5192.97,-434.506,6348.34,-1231.22,7183.08,-1.00887,0.00159,0.89294,2.04831,2.88305,0.4,0.4,0.4,0,-0.4
413,-334.603,4310.19,285.338,3291.2,145.065,4301.51,47.1894,5194.77,-434.424,6348.07,-1231.18,7182.92,-1.01899,-0.008679999999999,0.884580000000001,2.03788,2.87273,0.4,0.4,0.4,0,-0.4
414,-335.693,4320.65,285.147,3290.87,145.072,4301.64,46.9206,5194.97,-434.538,6348.47,-1231.2,7183.23,-1.02978,-0.019009999999999,0.874320000000001,2.02782,2.86258,0.4,0.4,0.4,0,-0.4
415,-336.482,4330.19,285.139,3291.45,145.164,4301.64,47.0846,5194.96,-434.404,6348.3,-1231.02,7183.06,-1.03874,-0.028549999999999,0.86477,2.01811,2.85287,0.4,0.4,0.4,0,-0.4
416,-337.371,4339.75,285.216,3291.08,145.16,4301.59,46.4816,5193.95,-434.478,6348.27,-1231.13,7183.01,-1.04867,-0.03816,0.8542,2.00852,2.84326,0.4,0.4,0.4,0,-0.4
417,-338.507,4349.82,285.102,3291.05,145.384,4301.55,46.4174,5194.02,-434.586,6348.29,-1231.22,7182.92,-1.05877,-0.04827,0.844200000000001,1.99847,2.8331,0.4,0.4,0.4,0,-0.4
418,-340.342,4360.39,285.34,3291.16,145.797,4301.48,46.6987,5194,-434.326,6348.18,-1231.14,7183.27,-1.06923,-0.058910000000001,0.83361,1.98779,2.82288,0.4,0.4,0.4,0,-0.4
419,-340.586,4369.58,285.171,3291.05,145.928,4301.56,46.5665,5194.17,-434.419,6348.55,-1230.79,7183.08,-1.07853,-0.06802,0.82459,1.97897,2.8135,0.4,0.4,0.4,0,-0.4
420,-341.6,4379.43,285.243,3290.92,145.849,4301.39,46.4601,5193.97,-434.489,6348.23,-1231.39,7183.11,-1.08851,-0.07804,0.81454,1.9688,2.80368,0.4,0.4,0.4,0,-0.4
421,-342.379,4389.5,285.199,3291.1,145.716,4301.42,46.6527,5194.11,-434.474,6348.24,-1231.02,7183.05,-1.0984,-0.08808,0.80461,1.95874,2.79355,0.4,0.4,0.4,0,-0.4
422,-343.144,4399.24,285.085,3290.41,145.894,4301.52,45.616,5193.24,-434.484,6348.5,-1231.02,7183.2,-1.10883,-0.097719999999999,0.794,1.94926,2.78396,0.4,0.4,0.4,0,-0.4
423,-343.705,4408.72,285.363,3290.68,145.822,4301.29,44.9388,5192.11,-434.411,6348.04,-1231.57,7183.15,-1.11804,-0.10743,0.783389999999999,1.93932,2.77443,0.4,0.4,0.4,0,-0.4
424,-344.597,4419.27,285.162,3291.24,145.803,4301.45,45.7698,5193.2,-434.482,6348.34,-1231.27,7183.23,-1.12803,-0.117820000000001,0.773929999999999,1.92907,2.76396,0.4,0.4,0.4,0,-0.4
425,-345.445,4429.75,285.239,3291.13,145.796,4301.55,45.2736,5192.55,-434.38,6348.44,-1230.93,7183.42,-1.13862,-0.1282,0.7628,1.91869,2.75367,0.4,0.4,0.4,0,-0.4
426,-346.755,4439.63,285.137,3291.01,145.854,4301.33,46.462,5192.28,-434.516,6348.16,-1231.57,7183.1,-1.14862,-0.1383,0.75265,1.90853,2.74347,0.4,0.4,0.4,0,-0.4
427,-347.899,4449.8,285.052,3291.13,145.74,4301.39,47.3156,5194.15,-434.59,6348.39,-1231.4,7183.06,-1.15867,-0.14841,0.744349999999999,1.89859,2.73326,0.4,0.4,0.4,0,-0.4
428,-348.289,4460.01,285.473,3290.88,145.896,4301.52,47.7502,5193.55,-434.265,6348.27,-1230.78,7183.36,-1.16913,-0.15849,0.73354,1.88826,2.72335,0.4,0.4,0.4,0,-0.4
429,-348.868,4469.85,285.022,3290.98,145.832,4301.46,47.1359,5193.44,-434.51,6348.3,-1231.25,7183.01,-1.17887,-0.16839,0.723589999999999,1.87845,2.71316,0.4,0.4,0.4,0,-0.4
430,-348.982,4479.67,285.136,3291.08,146.173,4301.39,47.2123,5193.42,-434.538,6348.25,-1231.37,7182.82,-1.18859,-0.17828,0.71375,1.86858,2.70315,0.4,0.4,0.4,0,-0.4
