Frame,radarX,radarY,RX,RY,RX,RY,RX,RY,RX,RY,RX,RY
1,24.0849,-0.238175,-587.363,2599.65,-770.56,3750.14,-847.8,3779.37,-941.982,5924.53,-1009.07,7099.12
2,25.3303,-0.898191,-587.723,2599.34,-775.56,3755,-847.597,3779.17,-942.014,5924.45,-1009.07,7099.15
3,25.9739,-1.32336,-587.631,2599.37,-780.56,3760,-847.283,3778.98,-941.727,5924.38,-1009.07,7099.13
4,25.4933,-1.16832,-587.612,2599.4,-794.27,3763.02,-899.239,4838.42,-941.391,5924.38,-1009.07,7099.12
5,24.3032,-0.548085,-587.722,2599.4,-794.255,3763.01,-899.98,4838.53,-941.149,5924.38,-1009.06,7099.16
6,24.1138,-0.353575,-587.781,2599.38,-794.294,3763.06,-899.603,4838.71,-941.303,5924.39,-1009.08,7099.29
7,25.1964,-0.801479,-587.713,2599.35,-792.762,3764.09,-899.358,4838.47,-941.717,5924.38,-1009.19,7099.3
8,25.8808,-1.20393,-587.666,2599.34,-792.81,3764.09,-899.103,4838.28,-942.127,5924.34,-1009.23,7099.27
9,25.6255,-1.16255,-587.684,2599.34,-792.769,3764.06,-899.162,4838.35,-942.27,5924.34,-1009.22,7099.24
10,-818.372,3723.13,-587.76,2599.35,-792.682,3764.05,-899.505,4838.63,-946.773,5943.85,-1009.18,7099.24
11,-819.615,3721.06,-587.75,2599.39,-792.606,3764.1,-899.579,4838.82,-946.689,5944.31,-1009.11,7099.31
12,-818.892,3722.61,-587.657,2599.42,-792.591,3764.17,-899.647,4838.58,-946.689,5940.31,-1009.07,7099.38
13,25.9279,-1.20067,-587.593,2599.44,-792.66,3764.21,-899.521,4838.29,-629.325,2609.76,-1009.1,7099.47
14,25.989,-1.21193,-587.635,2599.41,-792.745,3764.19,-899.072,4838.37,-629.235,2609.67,-1009.14,7099.45
15,25.2025,-0.899604,-587.747,2599.37,-792.795,3764.12,-899.836,4838.43,-629.723,2609.83,-1009.17,7099.44
16,23.9883,-0.343606,-587.304,2599.65,-792.763,3764.09,-899.975,4838.67,-933.187,5928.38,-1009.17,7099.38
17,23.9782,-0.355387,-587.269,2599.67,-792.725,3764.09,-900.032,4838.57,-933.121,5928.32,-1009.13,7099.34
18,25.1771,-0.862407,-587.627,2599.44,-792.675,3764.13,-899.302,4838.43,-932.207,5927.89,-1009.11,7099.36
19,25.9151,-1.04501,-587.594,2599.45,-792.697,3764.18,-899.254,4838.21,-932.048,5927.74,-1009.09,7099.39
20,25.3512,-0.48177,-587.642,2599.42,-792.734,3764.16,-899.204,4838.46,-932.16,5927.89,-1009.1,7099.38
21,24.1078,0.61192,-587.787,2599.37,-792.758,3764.09,-899.527,4838.67,-932.356,5928.09,-1009.14,7099.31
22,23.9906,1.79191,-587.322,2599.64,-792.766,3764.05,-899.69,4838.69,-932.397,5928.12,-1009.16,7099.24
23,25.1788,0.512807,-587.307,2599.65,-792.74,3764.05,-899.375,4838.49,-932.254,5927.92,-1009.2,7099.2
24,26.4665,2.16161,-587.627,2599.38,-792.693,3764.07,-899.07,4838.27,-932.072,5927.73,-1009.19,7099.23
25,26.9247,4.82244,-587.64,2599.39,-792.698,3764.08,-899.134,4838.32,-932.114,5927.78,-1009.18,7099.27
26,26.5817,9.79765,-587.752,2599.36,-792.736,3764.08,-899.602,4838.51,-932.338,5928.02,-1009.14,7099.28
27,25.7069,14.5308,-587.822,2599.35,-792.735,3764.07,-899.687,4838.72,-932.418,5928.16,-1009.13,7099.3
28,26.2483,19.1698,-587.755,2599.34,-792.711,3764.09,-899.442,4838.64,-932.285,5928.07,-1009.12,7099.32
29,27.2284,24.0325,-587.613,2599.39,-792.669,3764.14,-899.092,4838.44,-932.05,5927.87,-1009.13,7099.34
30,27.2139,28.6658,-587.581,2599.42,-792.635,3764.17,-899.265,4838.3,-932.047,5927.85,-1009.12,7099.41
31,51.6551,38.068,-587.651,2599.43,-792.64,3764.18,-899.339,4838.54,-932.21,5928.01,-1009.11,7099.44
32,50.4678,44.1565,-587.756,2599.42,-792.677,3764.17,-899.564,4838.75,-932.36,5928.16,-1009.12,7099.49
33,50.2835,50.1835,-587.772,2599.4,-792.705,3764.13,-899.596,4838.71,-932.336,5928.13,-1009.08,7099.45
34,26.945,56.0687,-587.66,2599.4,-792.704,3764.11,-899.238,4838.5,-932.192,5927.93,-1009.1,7099.41
35,27.6549,62.5119,-587.606,2599.39,-792.706,3764.12,-899.053,4838.34,-932.004,5927.78,-1009.13,7099.41
36,27.6894,68.9511,-587.635,2599.37,-792.7,3764.15,-899.197,4838.49,-932.091,5927.9,-1009.16,7099.4
37,26.2994,75.908,-587.279,2599.68,-792.723,3764.14,-899.505,4838.73,-932.322,5928.11,-1009.18,7099.39
38,25.7841,81.8172,-587.304,2599.66,-792.763,3764.1,-899.678,4838.72,-932.432,5928.14,-1009.18,7099.36
39,26.6877,87.1077,-587.322,2599.68,-792.78,3764.05,-899.511,4838.46,-932.327,5927.94,-1009.16,7099.34
40,27.8249,91.6262,-587.664,2599.39,-792.8,3764.03,-899.214,4838.22,-931.682,5927.85,-1009.13,7099.28
41,27.853,94.8237,-587.655,2599.39,-792.763,3764.07,-899.158,4838.27,-931.654,5927.86,-1009.11,7099.22
42,27.8037,100.611,-587.732,2599.37,-792.75,3764.1,-899.431,4838.53,-931.837,5928.1,-1009.12,7099.23
43,27.4439,108.39,-587.282,2599.66,-792.72,3764.12,-900.066,4838.58,-931.948,5928.26,-1009.15,7099.26
44,28.2835,113.628,-587.31,2599.68,-792.737,3764.12,-899.539,4838.59,-931.855,5928.18,-1009.19,7099.3
45,28.8065,117.946,-587.668,2599.4,-792.729,3764.09,-899.156,4838.34,-931.637,5927.92,-1009.17,7099.31
46,28.9697,122.879,-587.623,2599.4,-792.714,3764.08,-899.09,4838.26,-931.576,5927.86,-1009.12,7099.35
47,28.0666,128.46,-587.655,2599.41,-792.66,3764.12,-899.318,4838.5,-931.741,5928.07,-1009.08,7099.37
48,27.292,133.53,-587.725,2599.41,-792.634,3764.16,-899.617,4838.76,-931.903,5928.31,-1009.07,7099.37
49,27.7432,138.62,-587.247,2599.71,-792.664,3764.19,-899.628,4838.79,-931.886,5928.33,-1009.12,7099.41
50,27.7432,138.62,-587.695,2599.38,-792.705,3764.17,-899.727,4838.44,-931.691,5928.13,-1009.17,7099.42
51,27.7432,148.62,-587.633,2599.38,-792.748,3764.12,-899.125,4838.33,-931.585,5927.96,-1009.18,7099.44
52,30.2058,150.979,-587.653,2599.37,-792.738,3764.08,-899.21,4838.39,-931.618,5927.97,-1009.13,7099.41
53,29.7561,155.471,-587.742,2599.39,-792.699,3764.1,-899.467,4838.67,-931.855,5928.19,-1009.09,7099.41
54,29.4087,160.683,-587.776,2599.44,-792.659,3764.14,-899.61,4838.77,-931.929,5928.31,-1009.05,7099.45
55,30.1816,164.335,-587.701,2599.43,-792.642,3764.17,-899.428,4838.59,-931.78,5928.15,-1009.08,7099.43
56,31.0718,168.219,-587.618,2599.42,-792.679,3764.17,-899.123,4838.37,-931.568,5927.93,-1009.12,7099.41
57,31.5989,173.169,-587.654,2599.39,-792.727,3764.11,-899.095,4838.36,-931.592,5927.91,-1009.13,7099.34
58,30.924,177.503,-587.753,2599.34,-792.758,3764.05,-899.865,4838.4,-931.849,5928.12,-1009.14,7099.3
59,30.8093,181.886,-587.815,2599.34,-792.748,3764.03,-899.671,4838.69,-931.975,5928.25,-1009.1,7099.29
60,30.3112,185.562,-587.76,2599.37,-792.732,3764.05,-899.592,4838.61,-931.922,5928.18,-1009.09,7099.29
61,31.2271,189.495,-587.629,2599.42,-792.69,3764.1,-899.323,4838.35,-931.685,5927.94,-1009.08,7099.32
62,31.7236,193.918,-587.605,2599.41,-792.698,3764.12,-899.493,4838.12,-931.589,5927.86,-1009.12,7099.3
63,30.9382,198.616,-587.682,2599.37,-792.738,3764.11,-899.374,4838.43,-931.738,5928.02,-1009.15,7099.32
64,29.9709,203.87,-587.334,2599.63,-792.758,3764.07,-899.664,4838.67,-932.003,5928.27,-1009.17,7099.3
65,30.043,208.496,-587.331,2599.63,-792.769,3764.04,-899.921,4838.59,-931.944,5928.26,-1009.17,7099.29
66,31.6103,213.645,-587.28,2599.67,-792.718,3764.05,-899.305,4838.48,-931.712,5928.06,-1009.14,7099.34
67,32.2062,217.791,-587.568,2599.43,-792.658,3764.09,-899.26,4838.21,-931.531,5927.91,-1009.11,7099.37
68,32.148,223.01,-587.562,2599.47,-792.588,3764.14,-899.08,4838.43,-931.564,5927.99,-1009.1,7099.41
69,31.1199,228.595,-587.681,2599.43,-792.578,3764.15,-899.47,4838.7,-931.809,5928.23,-1009.11,7099.41
70,30.9119,234.183,-587.267,2599.7,-792.655,3764.14,-899.642,4838.85,-931.991,5928.36,-1009.15,7099.41
71,31.7988,238.971,-587.323,2599.66,-792.754,3764.14,-899.495,4838.67,-931.845,5928.21,-1009.17,7099.41
72,33.9936,242.723,-587.664,2599.36,-792.763,3764.14,-899.187,4838.4,-931.642,5927.97,-1009.15,7099.41
73,33.4896,247.814,-587.627,2599.41,-792.703,3764.14,-899.166,4838.36,-931.592,5927.96,-1009.13,7099.42
74,33.6997,253.046,-587.678,2599.42,-792.637,3764.12,-899.351,4838.55,-931.748,5928.12,-1009.06,7099.38
75,31.4937,259.382,-587.761,2599.41,-792.63,3764.08,-899.62,4838.68,-931.909,5928.25,-1009.06,7099.33
76,31.7974,264.452,-587.294,2599.67,-792.716,3764.04,-899.513,4838.59,-931.886,5928.15,-1009.09,7099.24
77,33.5821,268.333,-587.735,2599.33,-792.822,3764.05,-899.306,4838.36,-931.706,5927.92,-1009.13,7099.25
78,34.1136,273.032,-587.704,2599.33,-792.825,3764.06,-899.579,4838.13,-931.625,5927.86,-1009.19,7099.27
79,33.176,278.783,-587.724,2599.36,-792.764,3764.07,-899.377,4838.43,-931.751,5928.01,-1009.2,7099.31
80,33.582,282.374,-587.755,2599.42,-792.649,3764.07,-899.541,4838.66,-931.92,5928.23,-1009.17,7099.33
81,33.9658,288.065,-587.697,2599.45,-792.553,3764.06,-899.563,4838.67,-931.868,5928.25,-1009.09,7099.34
82,33.6891,294.146,-587.613,2599.45,-792.591,3764.09,-899.307,4838.51,-931.688,5928.08,-1009.05,7099.31
83,35.1042,298.337,-587.612,2599.41,-792.714,3764.1,-899.098,4838.36,-931.568,5927.93,-1009.08,7099.31
84,35.9696,303.163,-587.727,2599.37,-792.833,3764.12,-899.243,4838.46,-931.68,5928.01,-1009.11,7099.35
85,34.5214,309.01,-587.848,2599.34,-792.842,3764.14,-899.849,4838.57,-931.959,5928.24,-1009.15,7099.4
86,34.6526,314.044,-587.827,2599.37,-792.768,3764.15,-899.731,4838.76,-931.995,5928.3,-1009.18,7099.43
87,34.6526,314.044,-587.695,2599.44,-792.64,3764.16,-899.429,4838.65,-931.799,5928.17,-1009.14,7099.41
88,36.0957,325.291,-587.542,2599.48,-792.552,3764.17,-899.044,4838.45,-931.534,5927.98,-1009.08,7099.4
89,36.9163,327.052,-587.555,2599.45,-792.603,3764.15,-899.234,4838.31,-931.505,5927.94,-1009.08,7099.35
90,34.9651,332.935,-587.718,2599.38,-792.73,3764.11,-899.787,4838.4,-931.749,5928.09,-1009.12,7099.32
91,35.7027,337.037,-587.365,2599.61,-792.834,3764.06,-899.716,4838.65,-931.991,5928.23,-1009.19,7099.32
92,36.5014,341.541,-587.37,2599.6,-792.844,3764.06,-899.934,4838.52,-931.983,5928.17,-1009.22,7099.33
93,36.2015,346.403,-587.723,2599.35,-792.761,3764.05,-899.361,4838.43,-931.771,5928,-1009.23,7099.32
94,36.3841,351.164,-587.632,2599.42,-792.678,3764.06,-899.564,4838.19,-931.632,5927.91,-1009.18,7099.29
95,36.5654,356.523,-587.629,2599.44,-792.622,3764.07,-899.284,4838.42,-931.676,5928.01,-1009.13,7099.24
96,36.5626,360.964,-587.729,2599.44,-792.669,3764.1,-899.922,4838.5,-931.843,5928.19,-1009.12,7099.26
97,35.5748,366.228,-587.264,2599.72,-792.717,3764.12,-899.534,4838.72,-931.9,5928.25,-1009.15,7099.3
98,36.1378,371.138,-587.295,2599.69,-792.727,3764.11,-899.398,4838.56,-931.768,5928.12,-1009.16,7099.34
99,36.2912,375.77,-587.654,2599.37,-792.726,3764.07,-899.207,4838.37,-931.605,5927.96,-1009.16,7099.36
100,36.5349,380.549,-587.66,2599.36,-792.721,3764.03,-899.457,4838.26,-931.643,5927.95,-1009.13,7099.34
101,35.5904,384.975,-587.72,2599.37,-792.721,3764.03,-899.722,4838.41,-931.822,5928.11,-1009.1,7099.32
102,36.0028,389.912,-587.744,2599.38,-792.713,3764.07,-899.874,4838.55,-931.932,5928.22,-1009.1,7099.34
103,36.4315,394.994,-587.247,2599.73,-792.694,3764.14,-899.911,4838.48,-931.848,5928.18,-1009.12,7099.38
104,36.5803,399.999,-587.646,2599.44,-792.69,3764.2,-899.32,4838.49,-931.684,5928.08,-1009.19,7099.45
105,37.1208,404.182,-587.65,2599.44,-792.711,3764.21,-899.159,4838.5,-931.58,5928.05,-1009.2,7099.47
106,37.1341,409.414,-587.719,2599.41,-792.749,3764.17,-899.336,4838.59,-931.68,5928.14,-1009.16,7099.44
107,36.7892,414.135,-587.787,2599.39,-792.763,3764.16,-899.583,4838.73,-931.879,5928.26,-1009.14,7099.4
108,37.209,419.192,-587.774,2599.41,-792.772,3764.13,-899.604,4838.66,-931.916,5928.22,-1009.14,7099.31
109,37.2025,424.069,-587.673,2599.43,-792.719,3764.13,-899.411,4838.46,-932.232,5927.91,-1009.18,7099.33
110,37.6063,428.684,-587.635,2599.42,-792.718,3764.13,-899.165,4838.33,-932.117,5927.79,-1009.18,7099.31
111,37.3823,431.993,-587.669,2599.38,-792.724,3764.12,-899.184,4838.45,-932.143,5927.83,-1009.19,7099.32
112,37.3544,437.482,-587.764,2599.35,-792.784,3764.1,-899.465,4838.61,-932.292,5928,-1009.17,7099.3
113,37.562,443.557,-587.852,2599.32,-792.837,3764.09,-899.606,4838.68,-932.412,5928.1,-1009.15,7099.27
114,38.1744,448.978,-587.801,2599.36,-792.851,3764.08,-899.539,4838.52,-932.351,5927.99,-1009.16,7099.27
115,38.3364,454.25,-587.692,2599.42,-792.811,3764.1,-899.313,4838.31,-932.199,5927.82,-1009.17,7099.31
116,38.3853,458.811,-587.623,2599.45,-792.694,3764.12,-899.161,4838.31,-932.125,5927.8,-1009.16,7099.32
117,38.7015,463.406,-587.636,2599.44,-792.585,3764.13,-899.589,4838.4,-932.196,5927.95,-1009.14,7099.31
118,37.8471,468.203,-587.198,2599.7,-792.569,3764.12,-899.757,4838.63,-932.29,5928.13,-1009.14,7099.26
119,38.2262,472.569,-587.256,2599.67,-792.671,3764.11,-899.484,4838.69,-932.267,5928.11,-1009.15,7099.28
120,38.6488,477.966,-587.708,2599.34,-792.782,3764.12,-899.276,4838.51,-932.14,5927.93,-1009.16,7099.31
121,39.3572,483.247,-587.673,2599.36,-792.792,3764.14,-899.266,4838.33,-932.129,5927.85,-1009.15,7099.38
122,38.8037,487.202,-587.675,2599.38,-792.745,3764.14,-899.293,4838.44,-932.176,5927.91,-1009.11,7099.39
123,39.1834,492.62,-587.707,2599.42,-792.646,3764.08,-899.6,4838.58,-932.329,5928.08,-1009.1,7099.4
124,39.0261,497.034,-587.245,2599.73,-792.615,3764.07,-900.032,4838.56,-932.367,5928.15,-1009.11,7099.36
125,38.7116,501.468,-587.26,2599.7,-792.66,3764.1,-899.848,4838.48,-932.252,5928.03,-1009.14,7099.32
126,39.9665,507.296,-587.658,2599.4,-792.747,3764.18,-899.213,4838.47,-932.072,5927.86,-1009.15,7099.34
127,40.0107,512.209,-587.678,2599.4,-792.809,3764.23,-899.164,4838.5,-932.101,5927.88,-1009.16,7099.38
128,39.3232,516.782,-587.755,2599.39,-792.806,3764.21,-899.452,4838.62,-932.257,5928,-1009.14,7099.4
129,38.9197,520.906,-587.787,2599.4,-792.742,3764.12,-899.582,4838.68,-932.387,5928.08,-1009.12,7099.37
130,39.6814,526.431,-587.742,2599.41,-792.676,3764.04,-899.537,4838.54,-932.347,5927.99,-1009.11,7099.34
131,38.825,529.848,-587.648,2599.41,-792.698,3764.03,-899.237,4838.34,-932.186,5927.81,-1009.14,7099.29
132,40.1249,536.22,-587.635,2599.4,-792.756,3764.08,-899.381,4838.18,-932.116,5927.75,-1009.2,7099.28
133,39.4019,541.061,-587.709,2599.36,-792.845,3764.16,-899.35,4838.46,-932.208,5927.89,-1009.23,7099.31
134,39.7274,545.278,-587.814,2599.33,-792.856,3764.17,-899.527,4838.7,-932.353,5928.09,-1009.21,7099.32
135,39.3135,548.786,-587.813,2599.33,-792.797,3764.12,-899.872,4838.63,-932.374,5928.12,-1009.16,7099.34
136,39.967,555.195,-587.698,2599.39,-792.731,3764.07,-899.362,4838.49,-932.247,5927.95,-1009.11,7099.33
137,40.0974,558.904,-587.615,2599.42,-792.667,3764.04,-899.211,4838.29,-932.12,5927.79,-1009.09,7099.29
138,40.0099,563.92,-587.627,2599.45,-792.674,3764.09,-899.524,4838.28,-932.194,5927.88,-1009.08,7099.29
139,39.7105,568.657,-587.742,2599.44,-792.718,3764.15,-899.78,4838.49,-932.359,5928.09,-1009.15,7099.34
140,39.6501,573.358,-587.794,2599.41,-792.734,3764.19,-900.015,4838.59,-932.335,5928.16,-1009.2,7099.4
141,39.6765,578.305,-587.735,2599.38,-792.705,3764.17,-899.432,4838.66,-932.211,5928.08,-1009.19,7099.41
142,67.2584,580.843,-587.626,2599.38,-792.649,3764.12,-899.189,4838.46,-932.039,5927.88,-1009.14,7099.4
143,67.1253,585.747,-587.594,2599.37,-792.642,3764.08,-899.048,4838.43,-932.018,5927.83,-1009.05,7099.37
144,66.8539,590.773,-587.667,2599.39,-792.688,3764.09,-899.772,4838.38,-932.203,5927.96,-1009.05,7099.35
145,66.8881,595.74,-587.299,2599.7,-792.783,3764.14,-899.869,4838.55,-932.383,5928.07,-1009.11,7099.4
146,66.79,600.577,-587.312,2599.68,-792.791,3764.16,-899.6,4838.59,-932.375,5928.04,-1009.19,7099.39
147,67.3873,604.976,-587.703,2599.38,-792.75,3764.17,-899.774,4838.35,-932.226,5927.91,-1009.22,7099.36
148,67.4066,609.874,-587.667,2599.39,-792.687,3764.13,-899.201,4838.47,-932.115,5927.87,-1009.21,7099.33
149,67.2449,614.976,-587.702,2599.36,-792.682,3764.1,-899.297,4838.56,-932.186,5927.94,-1009.16,7099.3
150,67.1773,619.886,-587.806,2599.37,-792.774,3764.09,-899.962,4838.53,-932.354,5928.07,-1009.1,7099.28
151,67.8087,624.511,-587.344,2599.67,-792.862,3764.08,-899.642,4838.53,-932.394,5928.02,-1009.07,7099.28
152,68.1792,629.796,-587.347,2599.67,-792.861,3764.07,-899.386,4838.37,-932.289,5927.87,-1009.11,7099.33
153,68.8224,634.131,-587.648,2599.4,-792.762,3764.06,-899.154,4838.24,-932.159,5927.75,-1009.18,7099.33
154,68.9238,639.077,-587.6,2599.38,-792.629,3764.06,-899.162,4838.35,-932.133,5927.82,-1009.19,7099.32
155,68.9654,644.258,-587.65,2599.39,-792.568,3764.11,-899.805,4838.5,-932.224,5928.04,-1009.19,7099.35
156,68.8089,649.41,-587.736,2599.38,-792.647,3764.17,-899.468,4838.78,-932.308,5928.17,-1009.14,7099.35
157,69.2338,654.165,-587.746,2599.35,-792.795,3764.2,-899.439,4838.66,-932.254,5928.08,-1009.09,7099.43
158,69.3549,659.465,-587.729,2599.34,-792.895,3764.18,-899.294,4838.43,-932.201,5927.89,-1009.08,7099.41
159,69.5758,664.607,-587.729,2599.34,-792.898,3764.09,-899.321,4838.32,-932.276,5927.86,-1009.11,7099.4
160,69.4841,668.815,-587.76,2599.36,-792.782,3764.03,-899.749,4838.33,-932.313,5927.95,-1009.15,7099.35
161,69.2386,673.779,-587.741,2599.4,-792.628,3764.07,-899.52,4838.68,-932.347,5928.11,-1009.18,7099.32
162,69.1974,679.112,-587.692,2599.46,-792.53,3764.21,-899.399,4838.78,-932.232,5928.16,-1009.17,7099.35
163,69.6301,683.582,-587.619,2599.46,-792.592,3764.32,-899.404,4838.63,-932.091,5928.04,-1009.17,7099.42
164,70.0083,688.443,-587.661,2599.41,-792.74,3764.28,-899.291,4838.45,-932.002,5927.9,-1009.13,7099.43
165,70.1819,693.429,-587.739,2599.33,-792.817,3764.12,-899.248,4838.46,-932.175,5927.88,-1009.07,7099.4
166,69.7545,698.416,-587.82,2599.28,-792.814,3763.96,-899.526,4838.5,-932.368,5927.99,-1009.04,7099.34
167,70.4254,702.556,-587.794,2599.31,-792.751,3763.93,-899.644,4838.51,-932.409,5928.02,-1009.08,7099.26
168,70.7114,707.592,-587.696,2599.36,-792.68,3764.01,-899.469,4838.42,-932.294,5927.93,-1009.12,7099.25
169,70.902,712.334,-587.641,2599.41,-792.698,3764.15,-899.667,4838.27,-932.137,5927.85,-1009.21,7099.31
170,70.7144,717.439,-587.676,2599.41,-792.733,3764.23,-899.289,4838.5,-932.142,5927.91,-1009.24,7099.38
171,70.751,722.107,-587.758,2599.38,-792.746,3764.22,-899.427,4838.67,-932.295,5928.1,-1009.21,7099.44
172,70.7898,727.068,-587.293,2599.63,-792.719,3764.1,-899.565,4838.72,-932.325,5928.14,-1009.11,7099.42
173,70.5513,731.915,-587.292,2599.64,-792.69,3763.99,-899.929,4838.44,-932.309,5928.03,-1009.06,7099.35
174,70.769,737.02,-587.666,2599.38,-792.701,3763.95,-899.349,4838.29,-932.202,5927.82,-1009.1,7099.29
175,44.1546,743.812,-587.605,2599.43,-792.706,3764.03,-899.21,4838.18,-932.156,5927.75,-1009.22,7099.31
176,43.8028,749.32,-587.642,2599.41,-792.731,3764.14,-899.729,4838.22,-932.201,5927.87,-1009.3,7099.33
177,43.6756,753.751,-587.716,2599.39,-792.685,3764.18,-899.516,4838.62,-932.296,5928.07,-1009.29,7099.37
178,43.5642,758.734,-587.28,2599.64,-792.674,3764.16,-899.517,4838.75,-932.293,5928.16,-1009.22,7099.38
179,43.836,763.059,-587.305,2599.62,-792.691,3764.13,-899.351,4838.7,-932.186,5928.07,-1009.08,7099.38
180,44.1117,768.222,-587.701,2599.34,-792.759,3764.12,-899.673,4838.4,-932.14,5927.93,-1008.99,7099.35
181,44.3647,773.166,-587.718,2599.38,-792.853,3764.13,-899.284,4838.47,-932.21,5927.9,-1009,7099.34
182,44.0966,778.007,-587.788,2599.4,-792.856,3764.14,-899.792,4838.4,-932.344,5927.98,-1009.1,7099.29
183,43.9558,782.573,-587.799,2599.39,-792.795,3764.11,-900.038,4838.46,-932.422,5928.09,-1009.21,7099.29
184,44.5404,786.962,-587.726,2599.37,-792.67,3764.1,-899.502,4838.6,-932.309,5928.05,-1009.25,7099.29
185,44.6787,791.664,-587.643,2599.36,-792.578,3764.1,-899.208,4838.56,-932.127,5927.96,-1009.18,7099.34
186,44.7985,796.651,-587.631,2599.38,-792.595,3764.17,-899.11,4838.58,-932.022,5927.93,-1009.11,7099.42
187,44.7167,801.779,-587.69,2599.39,-792.712,3764.22,-899.349,4838.59,-932.139,5927.98,-1009.08,7099.45
188,44.4971,806.941,-587.784,2599.38,-792.847,3764.15,-899.562,4838.55,-932.342,5928,-1009.11,7099.42
189,44.106,811.895,-587.807,2599.39,-792.866,3764.03,-899.626,4838.4,-932.42,5927.96,-1009.17,7099.37
190,44.286,816.435,-587.722,2599.39,-792.774,3763.96,-899.44,4838.29,-932.32,5927.88,-1009.24,7099.33
191,44.192,821.372,-587.607,2599.41,-792.634,3763.99,-899.245,4838.31,-932.15,5927.84,-1009.23,7099.35
192,44.1705,825.742,-587.595,2599.41,-792.55,3764.11,-899.241,4838.56,-932.128,5927.98,-1009.18,7099.36
193,44.2234,830.466,-587.223,2599.7,-792.636,3764.21,-899.442,4838.79,-932.226,5928.16,-1009.09,7099.4
194,44.3697,835.528,-587.27,2599.68,-792.744,3764.23,-899.474,4838.81,-932.283,5928.17,-1009.04,7099.4
195,44.643,840.574,-587.316,2599.66,-792.818,3764.16,-899.446,4838.56,-932.278,5928.01,-1009.01,7099.37
196,45.1352,845.214,-587.67,2599.35,-792.79,3764.02,-899.239,4838.3,-932.158,5927.79,-1009.11,7099.31
197,45.4381,849.974,-587.645,2599.36,-792.694,3763.93,-899.273,4838.21,-932.193,5927.77,-1009.16,7099.22
198,45.6089,854.364,-587.682,2599.39,-792.627,3763.95,-899.804,4838.27,-932.251,5927.91,-1009.24,7099.22
199,45.3503,859.214,-587.266,2599.71,-792.65,3764.1,-899.484,4838.65,-932.307,5928.09,-1009.25,7099.28
200,45.4563,864.327,-587.309,2599.7,-792.734,3764.26,-899.458,4838.75,-932.247,5928.13,-1009.22,7099.36
201,45.9141,869.558,-587.71,2599.39,-792.793,3764.31,-899.205,4838.66,-932.103,5928,-1009.12,7099.38
202,45.9708,874.455,-587.693,2599.36,-792.804,3764.24,-899.127,4838.56,-932.124,5927.93,-1009.07,7099.36
203,45.7332,879.05,-587.719,2599.37,-792.769,3764.11,-899.412,4838.52,-932.224,5927.95,-1009.09,7099.32
204,45.347,884.328,-587.766,2599.36,-792.73,3763.99,-899.814,4838.45,-932.381,5928.02,-1009.15,7099.29
205,45.8892,889.136,-587.294,2599.67,-792.744,3763.99,-899.581,4838.49,-932.399,5928.01,-1009.22,7099.27
206,46.1378,894.02,-587.289,2599.69,-792.768,3764.08,-899.859,4838.25,-932.276,5927.92,-1009.24,7099.32
207,46.0645,898.59,-587.676,2599.41,-792.795,3764.18,-899.695,4838.23,-932.188,5927.87,-1009.2,7099.43
208,46.2826,903.019,-587.687,2599.38,-792.754,3764.16,-899.293,4838.51,-932.157,5927.92,-1009.12,7099.42
209,46.1526,907.743,-587.728,2599.38,-792.683,3764.13,-899.439,4838.67,-932.244,5928.07,-1008.99,7099.41
210,45.9171,912.94,-587.743,2599.41,-792.626,3764.07,-899.481,4838.71,-932.292,5928.1,-1009.04,7099.38
211,46.5598,917.565,-587.663,2599.45,-792.631,3764.05,-899.832,4838.36,-932.249,5927.98,-1009.12,7099.37
212,47.1615,922.388,-587.604,2599.46,-792.698,3764.07,-899.221,4838.29,-932.161,5927.83,-1009.19,7099.32
213,47.7099,927.465,-587.612,2599.44,-792.722,3764.1,-899.345,4838.26,-932.161,5927.84,-1009.3,7099.3
214,47.5074,931.885,-587.702,2599.38,-792.721,3764.14,-899.369,4838.52,-932.247,5927.99,-1009.24,7099.29
215,47.3859,936.648,-587.766,2599.33,-792.682,3764.15,-899.561,4838.75,-932.311,5928.17,-1009.16,7099.35
216,48.305,942.282,-587.775,2599.29,-792.718,3764.15,-899.453,4838.78,-932.275,5928.14,-1009.08,7099.34
217,48.4822,946.801,-587.706,2599.32,-792.766,3764.14,-899.345,4838.58,-932.221,5928,-1009.08,7099.31
218,48.1468,952.002,-587.667,2599.35,-792.789,3764.15,-899.237,4838.41,-932.121,5927.83,-1009.13,7099.31
219,48.1576,956.485,-587.676,2599.39,-792.769,3764.12,-899.301,4838.41,-932.187,5927.85,-1009.2,7099.29
220,47.8878,960.787,-587.729,2599.38,-792.704,3764.06,-899.895,4838.39,-932.314,5927.98,-1009.21,7099.27
221,47.1201,966.204,-587.761,2599.38,-792.672,3764.05,-899.471,4838.61,-932.325,5928.04,-1009.16,7099.27
222,47.5576,970.369,-587.718,2599.39,-792.65,3764.08,-899.4,4838.62,-932.233,5928.03,-1009.08,7099.34
223,47.6895,975.27,-587.676,2599.4,-792.695,3764.16,-899.256,4838.57,-932.127,5927.94,-1009.04,7099.42
224,48.1577,980.573,-587.682,2599.42,-792.751,3764.21,-899.202,4838.57,-932.16,5927.97,-1009.05,7099.46
225,47.9908,984.753,-587.698,2599.43,-792.773,3764.18,-899.424,4838.57,-932.231,5928,-1009.08,7099.46
226,47.9462,989.473,-587.708,2599.41,-792.754,3764.09,-899.901,4838.4,-932.311,5928,-1009.19,7099.38
227,48.0437,994.387,-587.658,2599.37,-792.704,3763.98,-899.89,4838.28,-932.312,5927.95,-1009.26,7099.31
228,48.4153,998.876,-587.628,2599.34,-792.665,3763.93,-899.377,4838.35,-932.253,5927.86,-1009.28,7099.29
229,48.4157,1003.95,-587.651,2599.36,-792.692,3764,-899.373,4838.37,-932.21,5927.87,-1009.25,7099.33
230,48.5243,1008.93,-587.732,2599.38,-792.761,3764.13,-899.701,4838.43,-932.273,5927.97,-1009.18,7099.43
231,48.4769,1014.01,-587.775,2599.4,-792.779,3764.22,-899.553,4838.66,-932.322,5928.09,-1009.07,7099.45
232,48.6597,1018.6,-587.297,2599.72,-792.734,3764.19,-899.929,4838.56,-932.294,5928.1,-1009.03,7099.42
233,48.8109,1023.27,-587.268,2599.71,-792.659,3764.09,-899.308,4838.55,-932.203,5927.98,-1009.03,7099.29
234,48.9176,1028.12,-587.635,2599.4,-792.622,3764.02,-899.27,4838.4,-932.127,5927.88,-1009.13,7099.23
235,48.9942,1032.6,-587.672,2599.37,-792.668,3764.02,-899.282,4838.41,-932.194,5927.9,-1009.18,7099.2
236,49.111,1037.25,-587.714,2599.35,-792.736,3764.11,-899.393,4838.52,-932.243,5927.97,-1009.16,7099.27
237,48.8174,1042.3,-587.739,2599.36,-792.756,3764.22,-899.47,4838.65,-932.273,5928.06,-1009.11,7099.3
238,49.1591,1046.83,-587.681,2599.39,-792.704,3764.26,-899.329,4838.71,-932.203,5928.06,-1009.08,7099.39
239,49.4158,1051.37,-587.641,2599.39,-792.673,3764.21,-899.646,4838.48,-932.128,5927.96,-1009.06,7099.4
240,49.5536,1055.86,-587.64,2599.39,-792.672,3764.1,-899.438,4838.48,-932.116,5927.91,-1009.11,7099.39
241,49.6592,1060.44,-587.699,2599.35,-792.727,3764.03,-899.35,4838.52,-932.238,5927.95,-1009.17,7099.34
242,50.073,1065.42,-587.761,2599.33,-792.792,3764.02,-899.977,4838.37,-932.354,5928.03,-1009.22,7099.36
243,49.8798,1069.77,-587.777,2599.36,-792.814,3764.06,-899.551,4838.5,-932.364,5928.02,-1009.22,7099.36
244,50.1393,1074.6,-587.736,2599.4,-792.808,3764.1,-899.39,4838.47,-932.282,5927.96,-1009.16,7099.34
245,50.7955,1079.99,-587.676,2599.44,-792.729,3764.12,-899.718,4838.32,-932.179,5927.89,-1009.12,7099.4
246,50.3296,1084.64,-587.654,2599.46,-792.648,3764.15,-899.313,4838.53,-932.171,5927.94,-1009.08,7099.43
247,76.2819,1092.24,-587.662,2599.47,-792.615,3764.16,-899.401,4838.61,-932.233,5928.02,-1009.09,7099.45
248,75.3254,1096.41,-587.694,2599.43,-792.652,3764.14,-899.901,4838.48,-932.3,5928.05,-1009.15,7099.43
249,75.1337,1101.77,-587.698,2599.39,-792.737,3764.11,-899.454,4838.49,-932.285,5927.98,-1009.2,7099.37
250,50.1937,1104.07,-587.662,2599.36,-792.776,3764.09,-899.32,4838.35,-932.204,5927.85,-1009.18,7099.32
251,51.0492,1109.17,-587.661,2599.34,-792.745,3764.06,-899.268,4838.38,-932.166,5927.85,-1009.07,7099.27
252,50.55,1113.45,-587.685,2599.33,-792.701,3764.07,-899.371,4838.56,-932.229,5927.99,-1009.02,7099.26
253,49.8713,1118.42,-587.761,2599.32,-792.69,3764.11,-899.921,4838.58,-932.301,5928.11,-1009.04,7099.28
254,50.6316,1123.61,-587.799,2599.37,-792.728,3764.16,-899.442,4838.76,-932.283,5928.12,-1009.11,7099.34
255,50.8201,1127.84,-587.76,2599.4,-792.768,3764.2,-899.344,4838.62,-932.211,5928,-1009.19,7099.35
256,51.2448,1132.6,-587.704,2599.42,-792.775,3764.18,-899.302,4838.46,-932.14,5927.89,-1009.21,7099.32
257,51.5553,1137.71,-587.68,2599.43,-792.724,3764.12,-899.273,4838.45,-932.167,5927.9,-1009.2,7099.32
258,51.6854,1142.17,-587.684,2599.42,-792.653,3764.08,-899.367,4838.56,-932.256,5928,-1009.13,7099.32
259,51.9271,1147.16,-587.694,2599.4,-792.621,3764.09,-899.414,4838.62,-932.281,5928.03,-1009.11,7099.35
260,52.1764,1152.21,-587.67,2599.37,-792.657,3764.13,-899.388,4838.53,-932.249,5927.98,-1009.1,7099.39
261,52.4416,1157.4,-587.658,2599.36,-792.752,3764.16,-899.238,4838.47,-932.139,5927.87,-1009.13,7099.45
262,52.5741,1162.84,-587.676,2599.37,-792.793,3764.15,-899.292,4838.44,-932.147,5927.85,-1009.13,7099.47
263,52.2408,1167.96,-587.719,2599.39,-792.787,3764.09,-899.388,4838.54,-932.287,5927.99,-1009.13,7099.48
264,51.465,1172.41,-587.722,2599.4,-792.71,3764.04,-899.528,4838.56,-932.322,5928.05,-1009.09,7099.38
265,51.8609,1176.93,-587.207,2599.73,-792.631,3764.04,-899.439,4838.57,-932.294,5928.06,-1009.07,7099.35
266,52.543,1182.09,-587.224,2599.74,-792.625,3764.1,-899.767,4838.34,-932.227,5927.98,-1009.11,7099.36
267,52.2825,1186.82,-587.645,2599.4,-792.672,3764.16,-899.301,4838.45,-932.164,5927.91,-1009.13,7099.34
268,52.3247,1191.54,-587.735,2599.34,-792.796,3764.16,-899.404,4838.55,-932.245,5927.98,-1009.18,7099.31
269,52.5886,1196,-587.813,2599.31,-792.841,3764.11,-899.542,4838.62,-932.35,5928.06,-1009.19,7099.27
270,52.7602,1200.93,-587.783,2599.31,-792.787,3764.06,-899.521,4838.61,-932.321,5928.04,-1009.17,7099.3
271,53.0912,1205.49,-587.681,2599.37,-792.692,3764.07,-899.29,4838.52,-932.245,5927.96,-1009.13,7099.31
272,53.6446,1209.85,-587.573,2599.42,-792.571,3764.12,-899.171,4838.44,-932.085,5927.87,-1009.1,7099.35
273,53.7407,1214.89,-587.582,2599.42,-792.584,3764.16,-899.146,4838.51,-932.112,5927.9,-1009.08,7099.38
274,53.6561,1219.79,-587.697,2599.36,-792.693,3764.16,-899.412,4838.6,-932.244,5928.01,-1009.11,7099.34
275,53.426,1225.36,-587.824,2599.29,-792.833,3764.12,-899.643,4838.66,-932.375,5928.08,-1009.11,7099.32
276,53.4973,1229.22,-587.826,2599.29,-792.858,3764.1,-899.959,4838.49,-932.337,5928.03,-1009.1,7099.34
277,53.8236,1233.82,-587.702,2599.34,-792.788,3764.11,-899.773,4838.4,-932.226,5927.94,-1009.1,7099.4
278,53.8737,1238.59,-587.621,2599.45,-792.648,3764.18,-899.283,4838.51,-932.153,5927.92,-1009.12,7099.45
279,53.1116,1243.97,-587.616,2599.5,-792.556,3764.2,-899.291,4838.57,-932.191,5928,-1009.13,7099.46
280,53.2218,1248.14,-587.216,2599.78,-792.617,3764.17,-899.456,4838.59,-932.268,5928.05,-1009.16,7099.43
281,53.1162,1252.49,-587.294,2599.68,-792.76,3764.09,-899.906,4838.38,-932.303,5928.01,-1009.2,7099.37
282,53.5586,1257.27,-587.763,2599.3,-792.841,3764.01,-899.443,4838.37,-932.262,5927.9,-1009.19,7099.33
283,54.1075,1262.27,-587.733,2599.3,-792.824,3763.98,-899.318,4838.31,-932.206,5927.83,-1009.22,7099.33
284,53.9672,1266.69,-587.676,2599.36,-792.719,3764.03,-899.321,4838.4,-932.181,5927.88,-1009.19,7099.37
285,54.5173,1271.54,-587.611,2599.44,-792.57,3764.12,-899.391,4838.56,-932.203,5928.02,-1009.15,7099.4
286,54.2573,1276.05,-587.124,2599.78,-792.492,3764.2,-899.457,4838.65,-932.183,5928.1,-1009.08,7099.41
287,54.4655,1280.96,-587.167,2599.73,-792.547,3764.2,-899.272,4838.64,-932.162,5928.06,-1009.07,7099.32
288,54.7201,1285.95,-587.658,2599.35,-792.714,3764.15,-899.281,4838.57,-932.173,5927.98,-1009.11,7099.26
289,55.0689,1291.14,-587.767,2599.29,-792.853,3764.11,-899.861,4838.37,-932.275,5927.97,-1009.12,7099.28
290,55.4629,1296.56,-587.859,2599.27,-792.905,3764.11,-899.57,4838.55,-932.397,5928.01,-1009.15,7099.3
291,55.3906,1301.68,-587.835,2599.32,-792.859,3764.12,-899.668,4838.59,-932.428,5928.02,-1009.14,7099.31
292,54.9232,1306.87,-587.732,2599.4,-792.732,3764.14,-899.515,4838.57,-932.324,5927.99,-1009.12,7099.32
293,55.14,1311.77,-587.632,2599.45,-792.631,3764.13,-899.262,4838.49,-932.169,5927.89,-1009.09,7099.32
294,54.9973,1316.94,-587.605,2599.45,-792.631,3764.12,-899.149,4838.46,-932.09,5927.87,-1009.11,7099.35
295,55.2669,1321.17,-587.662,2599.39,-792.698,3764.13,-899.241,4838.55,-932.134,5927.94,-1009.14,7099.39
296,54.9679,1325.99,-587.741,2599.35,-792.767,3764.12,-899.422,4838.63,-932.257,5928.04,-1009.19,7099.41
297,54.8042,1331.05,-587.762,2599.34,-792.783,3764.1,-899.549,4838.61,-932.348,5928.05,-1009.19,7099.47
298,54.7977,1336.28,-587.733,2599.37,-792.78,3764.05,-899.457,4838.5,-932.33,5927.96,-1009.19,7099.42
299,55.2903,1341.59,-587.676,2599.42,-792.758,3764.04,-899.392,4838.4,-932.274,5927.87,-1009.16,7099.38
300,55.4192,1346.42,-587.651,2599.45,-792.725,3764.07,-899.322,4838.44,-932.226,5927.9,-1009.13,7099.35
301,55.2758,1350.93,-587.683,2599.43,-792.714,3764.14,-899.415,4838.56,-932.249,5928.01,-1009.11,7099.4
302,55.4827,1355.85,-587.736,2599.4,-792.704,3764.17,-899.468,4838.69,-932.268,5928.12,-1009.12,7099.42
303,55.9132,1360.57,-587.725,2599.38,-792.699,3764.15,-899.443,4838.65,-932.269,5928.13,-1009.12,7099.43
304,56.1925,1365.48,-587.678,2599.38,-792.674,3764.11,-899.28,4838.5,-932.129,5927.95,-1009.12,7099.39
305,56.5636,1370.37,-587.658,2599.4,-792.636,3764.05,-899.199,4838.38,-932.1,5927.88,-1009.09,7099.34
306,56.4559,1375.3,-587.67,2599.41,-792.646,3764.02,-899.713,4838.26,-932.175,5927.88,-1009.07,7099.26
307,55.9334,1380.8,-587.721,2599.41,-792.685,3764.05,-899.691,4838.39,-932.275,5927.96,-1009.08,7099.24
308,56.274,1385.75,-587.76,2599.39,-792.731,3764.11,-899.509,4838.57,-932.31,5928,-1009.16,7099.29
309,56.4802,1389.77,-587.74,2599.37,-792.758,3764.17,-899.819,4838.47,-932.238,5928.01,-1009.23,7099.37
310,56.3607,1394.88,-587.702,2599.33,-792.764,3764.17,-899.256,4838.59,-932.155,5927.96,-1009.23,7099.37
311,56.2937,1399.68,-587.682,2599.33,-792.762,3764.14,-899.725,4838.43,-932.184,5927.97,-1009.17,7099.33
312,56.1673,1404.97,-587.732,2599.33,-792.751,3764.09,-899.499,4838.59,-932.303,5928.02,-1009.14,7099.27
313,56.4174,1409.14,-587.273,2599.69,-792.752,3764.07,-899.564,4838.62,-932.387,5928.05,-1009.12,7099.31
314,56.2788,1413.58,-587.291,2599.73,-792.739,3764.08,-899.94,4838.4,-932.348,5927.99,-1009.14,7099.37
315,56.4922,1418.34,-587.696,2599.45,-792.758,3764.11,-899.411,4838.39,-932.229,5927.87,-1009.15,7099.43
316,57.2073,1423.46,-587.685,2599.45,-792.75,3764.12,-899.222,4838.44,-932.188,5927.86,-1009.14,7099.47
317,57.0546,1427.78,-587.722,2599.43,-792.761,3764.12,-899.588,4838.44,-932.203,5927.96,-1009.13,7099.46
318,57.0532,1432.56,-587.754,2599.4,-792.729,3764.09,-899.459,4838.62,-932.262,5928.05,-1009.08,7099.41
319,57.313,1437.55,-587.73,2599.41,-792.704,3764.09,-899.45,4838.58,-932.257,5928.05,-1009.09,7099.33
320,57.6089,1442.57,-587.643,2599.42,-792.681,3764.11,-899.336,4838.41,-932.186,5927.92,-1009.16,7099.31
321,58.1821,1448.1,-587.608,2599.42,-792.715,3764.15,-899.21,4838.31,-932.131,5927.82,-1009.23,7099.33
322,57.6958,1452.64,-587.646,2599.4,-792.757,3764.14,-899.366,4838.4,-932.247,5927.9,-1009.24,7099.33
323,57.2706,1457.45,-587.762,2599.35,-792.792,3764.1,-899.547,4838.62,-932.331,5928.06,-1009.19,7099.34
324,56.9729,1462.3,-587.81,2599.33,-792.789,3764.1,-899.62,4838.71,-932.353,5928.15,-1009.13,7099.33
325,57.5493,1467.51,-587.769,2599.35,-792.753,3764.11,-899.462,4838.64,-932.24,5928.08,-1009.11,7099.29
326,57.8381,1472.19,-587.669,2599.39,-792.707,3764.14,-899.656,4838.36,-932.111,5927.94,-1009.11,7099.3
327,58.2337,1477.03,-587.631,2599.41,-792.669,3764.13,-899.185,4838.4,-932.09,5927.85,-1009.09,7099.27
328,57.7531,1481.61,-587.691,2599.4,-792.693,3764.11,-899.398,4838.47,-932.212,5927.93,-1009.15,7099.26
329,57.9428,1486.81,-587.784,2599.4,-792.749,3764.07,-899.544,4838.56,-932.338,5928.01,-1009.17,7099.27
330,57.8939,1491.18,-587.799,2599.37,-792.795,3764.06,-899.512,4838.55,-932.332,5927.98,-1009.18,7099.31
331,58.2236,1496.4,-587.713,2599.39,-792.794,3764.12,-899.264,4838.48,-932.191,5927.88,-1009.16,7099.37
332,58.7829,1501.08,-587.646,2599.43,-792.748,3764.21,-899.615,4838.34,-932.096,5927.88,-1009.13,7099.43
333,58.8318,1506.17,-587.62,2599.45,-792.671,3764.28,-899.259,4838.62,-932.165,5928.02,-1009.1,7099.47
334,85.2469,1512.39,-587.197,2599.73,-792.64,3764.22,-899.461,4838.72,-932.288,5928.11,-1009.1,7099.43
335,85.1803,1517.19,-587.246,2599.66,-792.712,3764.07,-899.593,4838.65,-932.381,5928.09,-1009.12,7099.35
336,85.4886,1522.27,-587.307,2599.6,-792.805,3763.98,-899.933,4838.31,-932.331,5927.95,-1009.16,7099.31
337,60.2922,1525.39,-587.744,2599.31,-792.839,3763.97,-899.376,4838.3,-932.239,5927.83,-1009.18,7099.31
338,60.1766,1530.42,-587.743,2599.37,-792.797,3764.05,-899.399,4838.35,-932.194,5927.87,-1009.19,7099.36
339,60.7253,1535.86,-587.754,2599.43,-792.697,3764.16,-899.354,4838.58,-932.246,5928.03,-1009.16,7099.39
340,59.0965,1538.2,-587.26,2599.79,-792.607,3764.22,-899.42,4838.7,-932.281,5928.14,-1009.12,7099.39
341,58.5066,1542.65,-587.235,2599.78,-792.575,3764.18,-899.313,4838.58,-932.202,5928.04,-1009.09,7099.33
342,59.005,1547.44,-587.637,2599.41,-792.658,3764.1,-899.164,4838.43,-932.102,5927.87,-1009.1,7099.22
343,60.6415,1553.54,-587.68,2599.36,-792.773,3764.04,-899.447,4838.27,-932.144,5927.79,-1009.17,7099.17
344,59.9425,1557.69,-587.763,2599.33,-792.842,3764.05,-899.392,4838.45,-932.326,5927.91,-1009.24,7099.23
345,59.362,1561.87,-587.794,2599.34,-792.822,3764.11,-899.568,4838.6,-932.388,5928.03,-1009.2,7099.33
346,59.6179,1566.81,-587.281,2599.67,-792.763,3764.15,-899.552,4838.65,-932.321,5928.07,-1009.12,7099.36
347,59.746,1571.64,-587.244,2599.67,-792.674,3764.14,-899.319,4838.59,-932.178,5928.01,-1009.03,7099.37
348,60.6134,1576.98,-587.617,2599.37,-792.647,3764.11,-899.199,4838.55,-932.099,5927.95,-1009.02,7099.31
349,60.863,1581.99,-587.7,2599.34,-792.695,3764.07,-899.332,4838.55,-932.191,5927.96,-1009.09,7099.28
350,60.4829,1586.08,-587.796,2599.35,-792.791,3764.1,-899.923,4838.45,-932.317,5928.01,-1009.22,7099.27
351,60.9354,1593,-587.804,2599.38,-792.837,3764.14,-899.796,4838.47,-932.402,5928.01,-1009.29,7099.33
352,60.5793,1597.25,-587.71,2599.42,-792.788,3764.17,-899.362,4838.45,-932.242,5927.88,-1009.28,7099.36
353,60.6194,1602.24,-587.643,2599.44,-792.687,3764.16,-899.174,4838.4,-932.127,5927.84,-1009.19,7099.41
354,60.384,1606.93,-587.619,2599.43,-792.623,3764.12,-899.224,4838.45,-932.164,5927.91,-1009.09,7099.38
355,59.9101,1610.59,-587.688,2599.41,-792.585,3764.11,-899.416,4838.62,-932.22,5928.07,-1009.08,7099.4
356,59.7547,1615.48,-587.736,2599.39,-792.635,3764.15,-899.545,4838.74,-932.302,5928.17,-1009.09,7099.39
357,60.1636,1620.46,-587.73,2599.4,-792.701,3764.19,-899.52,4838.68,-932.278,5928.12,-1009.14,7099.39
358,60.774,1625.09,-587.715,2599.35,-792.796,3764.13,-899.333,4838.49,-932.229,5927.95,-1009.17,7099.34
359,61.0639,1630.16,-587.712,2599.32,-792.848,3764.04,-899.378,4838.35,-932.235,5927.85,-1009.15,7099.29
360,61.0589,1634.87,-587.75,2599.31,-792.822,3763.97,-899.428,4838.42,-932.315,5927.9,-1009.12,7099.27
361,61.6165,1640.05,-587.738,2599.35,-792.718,3764.02,-899.945,4838.42,-932.346,5928.02,-1009.07,7099.25
362,62.0264,1645.18,-587.674,2599.42,-792.602,3764.15,-899.415,4838.66,-932.251,5928.07,-1009.08,7099.32
363,62.3803,1650.19,-587.611,2599.47,-792.584,3764.27,-899.636,4838.45,-932.096,5927.97,-1009.15,7099.35
364,62.976,1655.35,-587.618,2599.46,-792.706,3764.3,-899.157,4838.45,-932.035,5927.86,-1009.23,7099.38
365,62.5901,1659.52,-587.719,2599.39,-792.863,3764.17,-899.678,4838.3,-932.151,5927.84,-1009.25,7099.32
366,62.1337,1664.36,-587.832,2599.3,-792.911,3764,-899.542,4838.48,-932.368,5927.94,-1009.19,7099.25
367,62.2683,1669.52,-587.367,2599.58,-792.889,3763.93,-899.688,4838.53,-932.468,5928.01,-1009.15,7099.22
368,61.9756,1673.94,-587.302,2599.66,-792.75,3763.98,-899.548,4838.54,-932.378,5927.99,-1009.12,7099.28
369,61.6321,1679.1,-587.618,2599.44,-792.637,3764.14,-899.325,4838.54,-932.187,5927.94,-1009.12,7099.35
370,62.3214,1684.13,-587.582,2599.46,-792.586,3764.27,-899.405,4838.55,-932.061,5927.99,-1009.11,7099.45
371,62.1023,1688.83,-587.624,2599.42,-792.629,3764.27,-899.296,4838.71,-932.166,5928.13,-1009.12,7099.41
372,62.3316,1693.99,-587.723,2599.34,-792.712,3764.16,-899.471,4838.77,-932.301,5928.17,-1009.15,7099.35
373,62.0505,1698.18,-587.78,2599.29,-792.764,3764.02,-899.518,4838.58,-932.329,5928.06,-1009.13,7099.3
374,62.516,1703.22,-587.729,2599.33,-792.795,3763.98,-899.827,4838.19,-932.263,5927.87,-1009.17,7099.29
375,63.4929,1708.6,-587.66,2599.4,-792.725,3764.06,-899.237,4838.22,-932.163,5927.76,-1009.14,7099.3
376,63.4834,1712.9,-587.634,2599.47,-792.65,3764.16,-899.484,4838.29,-932.172,5927.86,-1009.11,7099.35
377,62.686,1717.76,-587.701,2599.48,-792.637,3764.2,-899.374,4838.64,-932.283,5928.09,-1009.13,7099.38
378,62.6231,1722.54,-587.812,2599.4,-792.704,3764.15,-899.524,4838.76,-932.35,5928.18,-1009.17,7099.36
379,62.8924,1727.25,-587.817,2599.35,-792.761,3764.06,-899.493,4838.68,-932.307,5928.11,-1009.21,7099.36
380,63.9097,1732.74,-587.754,2599.34,-792.759,3764.06,-899.39,4838.48,-932.193,5927.95,-1009.17,7099.33
381,63.3139,1737.03,-587.663,2599.4,-792.723,3764.11,-899.265,4838.47,-932.173,5927.89,-1009.14,7099.32
382,63.0316,1741.73,-587.657,2599.43,-792.683,3764.13,-899.408,4838.52,-932.258,5927.96,-1009.09,7099.29
383,62.6907,1746.18,-587.703,2599.43,-792.691,3764.13,-899.486,4838.63,-932.353,5928.03,-1009.06,7099.29
384,62.6529,1750.75,-587.72,2599.37,-792.763,3764.1,-899.543,4838.57,-932.325,5928,-1009.13,7099.27
385,62.706,1755.57,-587.712,2599.32,-792.796,3764.08,-899.524,4838.4,-932.191,5927.89,-1009.17,7099.31
386,62.9911,1760.82,-587.705,2599.32,-792.807,3764.11,-899.233,4838.39,-932.104,5927.85,-1009.19,7099.36
387,63.0809,1766.05,-587.713,2599.35,-792.811,3764.15,-899.297,4838.49,-932.171,5927.9,-1009.15,7099.36
388,62.6034,1770.72,-587.772,2599.4,-792.773,3764.16,-899.482,4838.59,-932.295,5928.02,-1009.12,7099.35
389,62.3779,1775.31,-587.775,2599.44,-792.726,3764.1,-899.536,4838.57,-932.331,5928.04,-1009.09,7099.31
390,62.2813,1779.83,-587.715,2599.44,-792.684,3764.05,-899.422,4838.46,-932.256,5927.96,-1009.1,7099.27
391,62.6855,1784.74,-587.672,2599.41,-792.696,3764.06,-899.301,4838.41,-932.171,5927.91,-1009.17,7099.3
392,62.9354,1789.86,-587.706,2599.37,-792.687,3764.12,-899.333,4838.56,-932.187,5928.01,-1009.24,7099.36
393,62.8672,1794.87,-587.77,2599.37,-792.683,3764.21,-899.926,4838.61,-932.272,5928.17,-1009.29,7099.41
394,62.9443,1799.47,-587.265,2599.68,-792.646,3764.22,-899.503,4838.8,-932.279,5928.19,-1009.23,7099.38
395,63.0094,1804.86,-587.235,2599.69,-792.637,3764.19,-899.343,4838.62,-932.213,5928.04,-1009.14,7099.34
396,63.3573,1809.76,-587.605,2599.4,-792.695,3764.08,-899.181,4838.33,-932.103,5927.81,-1009.1,7099.32
397,63.412,1814.43,-587.629,2599.36,-792.749,3763.98,-899.227,4838.2,-932.154,5927.73,-1009.09,7099.3
398,63.3977,1819.48,-587.747,2599.33,-792.787,3763.96,-899.466,4838.35,-932.294,5927.89,-1009.16,7099.36
399,62.8936,1824.33,-587.846,2599.33,-792.779,3764.04,-899.646,4838.57,-932.409,5928.07,-1009.2,7099.39
400,48.3428,1835.57,-587.824,2599.38,-792.769,3764.16,-899.477,4838.67,-932.307,5928.08,-1009.2,7099.39
401,48.0706,1840.63,-587.7,2599.41,-792.72,3764.22,-899.698,4838.43,-932.155,5927.96,-1009.14,7099.33
402,47.6512,1845.71,-587.631,2599.42,-792.705,3764.2,-899.143,4838.51,-932.102,5927.87,-1009.09,7099.29
403,65.1128,1843.64,-587.696,2599.4,-792.71,3764.12,-899.361,4838.53,-932.213,5927.93,-1009.09,7099.27
404,64.901,1848.26,-587.782,2599.37,-792.745,3764.05,-900.003,4838.46,-932.393,5928.04,-1009.18,7099.32
405,64.9368,1852.94,-587.805,2599.35,-792.796,3764.06,-899.576,4838.6,-932.478,5928.08,-1009.24,7099.35
406,65.3667,1857.86,-587.736,2599.35,-792.804,3764.11,-899.687,4838.39,-932.288,5927.94,-1009.25,7099.36
407,65.7892,1862.7,-587.652,2599.38,-792.781,3764.2,-899.24,4838.42,-932.159,5927.9,-1009.21,7099.33
408,65.894,1867.59,-587.653,2599.4,-792.737,3764.22,-899.239,4838.51,-932.095,5927.94,-1009.13,7099.32
409,65.8552,1872.38,-587.709,2599.39,-792.694,3764.17,-899.594,4838.58,-932.195,5928.06,-1009.05,7099.31
410,65.9045,1877.26,-587.757,2599.39,-792.682,3764.1,-899.712,4838.59,-932.275,5928.08,-1009.06,7099.33
411,66.1978,1882.16,-587.733,2599.37,-792.711,3764.05,-899.398,4838.49,-932.245,5927.97,-1009.12,7099.32
412,66.5249,1886.95,-587.674,2599.39,-792.748,3764.07,-899.322,4838.34,-932.174,5927.87,-1009.21,7099.33
413,66.3567,1891.38,-587.682,2599.39,-792.743,3764.11,-899.246,4838.38,-932.166,5927.88,-1009.25,7099.3
414,65.9358,1895.45,-587.742,2599.41,-792.726,3764.16,-899.856,4838.42,-932.262,5928.03,-1009.21,7099.29
415,65.3605,1899.28,-587.329,2599.7,-792.732,3764.17,-899.549,4838.72,-932.352,5928.12,-1009.17,7099.33
416,65.1899,1903.19,-587.319,2599.67,-792.755,3764.15,-899.593,4838.65,-932.342,5928.09,-1009.12,7099.41
417,65.5673,1906.94,-587.708,2599.36,-792.787,3764.11,-899.369,4838.51,-932.254,5927.94,-1009.08,7099.46
418,65.9694,1909.73,-587.651,2599.36,-792.754,3764.1,-899.286,4838.31,-932.172,5927.82,-1009.09,7099.46
419,66.2996,1911.83,-587.652,2599.41,-792.723,3764.12,-899.288,4838.47,-932.226,5927.9,-1009.1,7099.42
420,66.5832,1913.37,-587.669,2599.42,-792.663,3764.13,-899.419,4838.57,-932.284,5928.02,-1009.11,7099.39
421,67.0233,1914.49,-587.696,2599.38,-792.666,3764.12,-899.376,4838.6,-932.257,5928.02,-1009.11,7099.31
422,67.5727,1915.25,-587.729,2599.36,-792.74,3764.09,-899.324,4838.52,-932.211,5927.95,-1009.1,7099.31
423,67.9101,1915.54,-587.77,2599.36,-792.81,3764.08,-899.369,4838.4,-932.221,5927.87,-1009.13,7099.37
424,67.755,1915.54,-587.797,2599.38,-792.826,3764.09,-899.4,4838.45,-932.26,5927.91,-1009.11,7099.42
425,67.2162,1915.11,-587.791,2599.42,-792.769,3764.1,-899.53,4838.56,-932.311,5928,-1009.11,7099.36
426,66.8234,1914.44,-587.753,2599.43,-792.685,3764.13,-899.479,4838.66,-932.294,5928.07,-1009.07,7099.3
427,66.6667,1913.83,-587.673,2599.43,-792.622,3764.16,-899.379,4838.65,-932.191,5928.06,-1009.11,7099.26
428,66.7048,1913.29,-587.62,2599.39,-792.633,3764.16,-899.175,4838.55,-932.092,5927.96,-1009.12,7099.31
429,67.8696,1912.68,-587.649,2599.36,-792.679,3764.14,-899.219,4838.51,-932.152,5927.98,-1009.17,7099.38
430,64.169,1911.77,-587.737,2599.34,-792.743,3764.12,-899.674,4838.41,-932.237,5928.01,-1009.13,7099.41
431,63.8943,1911.1,-587.8,2599.34,-792.817,3764.1,-899.97,4838.39,-932.349,5928.02,-1009.07,7099.43
