Frame,radarX,radarY,R1X,R1Y,R2X,R2Y,R3X,R3Y,R4X,R4Y,R5X,R5Y,DiffX5,DiffY5
10,-43.6832,293.294,293.152,3148.61,170.06,4148.12,55.3221,5213.06,-57.9581,6347.34,-277.242,7345.1,7388.7832,-570.536
11,-45.1466,303.764,293.68,3148.54,170.14,4148.02,55.4218,5213.04,-82.0013,6349.79,-277.531,7345.05,7390.1966,-581.295
12,-46.7728,313.865,293.853,3148.66,170.21,4148.04,55.3914,5212.98,-82.0345,6349.88,-277.555,7345.19,7391.9628,-591.42
13,-48.1232,323.749,292.626,3148.72,170.073,4148.22,55.4114,5213.25,-54.4672,6334.31,-277.207,7345.33,7393.4532,-600.956
14,-48.254,334.261,292.865,3148.77,170.211,4148.11,55.4916,5213.17,-54.1403,6333.96,-277.414,7345.2,7393.454,-611.675
15,-50.8146,344.194,293.092,3148.53,170.067,4148,55.3938,5213.13,-54.6213,6333.8,-277.529,7345.06,7395.8746,-621.723
16,-49.3493,353.398,292.914,3148.67,170.173,4148.08,55.3147,5212.99,-56.4708,6347.22,-277.284,7345.12,7394.4693,-630.682
17,-49.605,362.156,292.78,3148.67,170.291,4148.15,55.5152,5213.08,-56.6637,6347.28,-277.328,7345.31,7394.915,-639.484
18,-51.827,373.12,293.02,3148.63,170.03,4148.02,55.4177,5213.19,-57.9741,6346.97,-277.555,7345.14,7396.967,-650.675
19,-52.6986,382.351,293.057,3148.62,170.184,4148.06,55.4382,5213.09,-59.1093,6347.4,-277.441,7345.14,7397.8386,-659.792
20,-54.2927,392.19,292.653,3148.67,170.128,4148.19,55.5065,5213.25,-57.5655,6347.37,-277.267,7345.27,7399.5627,-669.457
21,-54.8594,402.13,292.918,3148.74,170.111,4148.11,55.4809,5213.18,-58.0421,6347.01,-277.358,7345.12,7399.9794,-679.488
22,-55.7147,412.017,293.05,3148.45,170.154,4147.95,55.3703,5212.9,-56.4642,6346.83,-277.623,7344.98,7400.6947,-689.64
23,-58.0066,422.559,292.724,3148.76,170.064,4148.12,55.335,5213.11,-58.3467,6347.79,-277.327,7345.12,7403.1266,-699.886
24,-59.4112,432.887,292.705,3149.21,170.311,4148.25,55.6146,5213.24,-57.052,6347.32,-276.66,7345.46,7404.8712,-709.547
25,-61.2416,443.288,292.49,3148.96,170.089,4148.09,55.366,5213.1,-58.4143,6347.31,-277.927,7348.84,7410.0816,-721.215
26,-62.8049,453.576,292.875,3148.59,169.997,4148.01,55.2826,5213.04,-58.5391,6347.32,-277.969,7348.72,7411.5249,-731.545
27,-62.9506,462.427,292.926,3148.79,170.358,4148.14,55.7139,5213.15,-57.0966,6347.19,-277.275,7349,7411.9506,-739.702
28,-64.6761,473.074,292.956,3148.63,170.113,4148.11,55.4218,5213.15,-57.0617,6347.18,-277.802,7348.91,7413.5861,-750.876
29,-65.6227,483.557,292.957,3148.41,170.062,4147.96,55.2592,5212.92,-58.4986,6347.11,-278.118,7348.71,7414.3327,-761.675
30,-67.4266,493.44,292.8,3148.71,170.186,4148.06,55.5246,5213.16,-57.2674,6347.19,-277.843,7348.76,7416.1866,-771.283
31,-72.3073,504.186,292.74,3148.93,170.151,4148.25,55.5994,5213.4,-58.8873,6347.75,-277.476,7348.93,7421.2373,-781.662
32,-71.8702,514.506,292.525,3148.96,170.174,4148.1,55.3136,5213.03,-57.8458,6347.59,-277.864,7348.91,7420.7802,-792.37
33,-73.1169,524.471,292.936,3148.59,170.073,4147.97,55.3137,5213.05,-58.4693,6347.2,-277.94,7348.53,7421.6469,-802.411
34,-72.7383,532.94,292.821,3148.64,170.292,4148.13,55.5805,5213.26,-57.1977,6347.24,-277.535,7348.72,7421.4583,-810.475
35,-73.3913,542.866,292.918,3148.64,170.18,4148.23,55.3527,5213.15,-58.1354,6347.35,-277.802,7349.2,7422.5913,-820.668
36,-75.1113,553.503,292.884,3148.48,169.897,4148,55.1961,5213.05,-58.7845,6347.47,-277.858,7348.5,7423.6113,-831.361
37,-75.9518,563.229,292.967,3148.79,170.291,4148.02,55.6017,5213.17,-57.0883,6347.08,-277.338,7348.79,7424.7418,-840.567
38,-77.9649,573.225,292.536,3149.1,170.193,4148.23,55.5266,5213.29,-57.2148,6347.34,-277.707,7349.19,7427.1549,-850.932
39,-79.771,583.17,292.95,3148.45,170.093,4148.04,55.2344,5212.95,-58.591,6347.23,-277.954,7348.85,7428.621,-861.124
40,-80.2462,593.084,293.133,3148.66,170.223,4147.95,55.519,5213.07,-58.3347,6347.05,-277.608,7348.56,7428.8062,-870.692
41,-81.8138,603.186,292.658,3148.72,170.085,4148.18,55.5096,5213.27,-57.8193,6347.43,-277.751,7348.94,7430.7538,-880.937
42,-81.9661,612.6,292.891,3148.64,170.194,4148.23,55.3661,5213.14,-58.2536,6347.39,-277.661,7349.18,7431.1461,-890.261
43,-85.5882,623.907,293.12,3148.63,170.123,4147.98,55.4669,5213.14,-59.226,6347.4,-277.764,7348.48,7434.0682,-901.671
44,-87.1729,633.759,292.798,3148.68,170.129,4148.04,55.4778,5213.18,-57.2988,6347.17,-277.85,7348.65,7435.8229,-911.609
45,-88.5363,643.066,292.823,3148.72,170.218,4148.22,55.4427,5213.06,-57.1759,6347.18,-277.621,7349.07,7437.6063,-920.687
46,-90.3066,652.841,292.997,3148.53,170.029,4148.06,55.3212,5213.05,-58.4561,6347.33,-277.87,7348.84,7439.1466,-930.711
47,-91.1446,662.559,293.018,3148.68,170.136,4147.95,55.5108,5213.08,-58.2165,6347.12,-278.03,7348.51,7439.6546,-940.589
48,-92.5696,673.042,292.708,3148.77,170.184,4148.18,55.4603,5213.19,-57.6271,6347.35,-277.579,7348.84,7441.4096,-950.621
49,-93.7146,683.199,292.982,3148.67,170.155,4148.23,55.5116,5213.28,-58.1137,6347.43,-277.655,7349.03,7442.7446,-960.854
50,-94.6189,693.108,293.196,3148.54,170.26,4147.98,55.5769,5213.04,-58.047,6347.09,-277.614,7348.7,7443.3189,-970.722
51,-96.6078,703.818,292.674,3148.56,170.082,4147.99,55.3587,5213.09,-57.6796,6347.24,-277.89,7348.67,7445.2778,-981.708
52,-100.761,716.42,292.803,3148.78,170.141,4148.19,55.3676,5213.2,-57.1134,6347.29,-277.686,7349.06,7449.821,-994.106
53,-101.534,725.851,293.128,3148.64,170.163,4148.08,55.468,5213.17,-58.1656,6347.3,-277.845,7348.95,7450.484,-1003.696
54,-103.279,737.399,292.535,3148.95,170.069,4148,55.4452,5213.15,-57.4595,6347.2,-277.884,7348.63,7451.909,-1015.283
55,-104.403,747.697,292.771,3148.76,170.238,4148.13,55.3886,5212.97,-57.2525,6347.18,-277.654,7348.81,7453.213,-1025.351
56,-105.51,757.781,293.06,3148.66,170.172,4148.16,55.4952,5213.24,-56.3394,6347.1,-277.797,7349.08,7454.59,-1035.578
57,-106.958,768.922,293.013,3148.54,170.134,4147.99,55.4986,5213.09,-58.4118,6347.23,-277.801,7348.53,7455.488,-1046.723
58,-107.785,778.978,292.705,3148.53,170.149,4148.03,55.3622,5213.07,-57.5377,6347.19,-277.994,7348.77,7456.555,-1056.972
59,-110.238,789.583,292.9,3148.68,170.036,4148.14,55.3796,5213.24,-58.3759,6347.18,-277.856,7349.02,7459.258,-1067.439
60,-110.829,798.801,293.164,3148.65,170.251,4148.08,55.5839,5213.18,-57.9567,6347.24,-277.371,7348.83,7459.659,-1076.172
61,-111.204,807.873,293.171,3148.97,170.18,4148.07,55.4788,5213.14,-57.3629,6347.2,-277.804,7348.72,7459.924,-1085.677
62,-113.431,819.231,293.074,3148.98,170.109,4148.09,55.4147,5213.19,-57.3138,6347.23,-277.899,7348.93,7462.361,-1097.13
63,-113.491,827.747,293.821,3148.63,170.216,4148.12,55.51,5213.19,-58.0328,6347.28,-277.684,7348.97,7462.461,-1105.431
64,-115.734,838.63,292.871,3148.58,170.006,4148.06,55.3028,5213.1,-58.5147,6347.38,-277.938,7348.81,7464.544,-1116.568
65,-117.19,848.124,292.752,3148.57,170.143,4148.02,55.4379,5213.09,-57.4727,6347.17,-277.971,7348.7,7465.89,-1126.095
66,-120.486,859.41,293.132,3148.68,170.252,4148.14,55.5015,5213.19,-58.0298,6347.29,-277.483,7349,7469.486,-1136.893
67,-121.075,868.692,293.027,3148.67,170.129,4148.14,55.4735,5213.22,-58.1226,6347.38,-277.744,7348.88,7469.955,-1146.436
68,-121.472,877.547,292.782,3148.6,170.236,4148.1,55.3919,5213,-57.3128,6347.18,-277.857,7348.74,7470.212,-1155.404
69,-123.316,887.836,292.84,3148.68,170.034,4148.07,55.3678,5213.13,-57.2894,6347.22,-277.874,7348.69,7472.006,-1165.71
70,-124.566,897.276,293.005,3148.57,170.127,4148.09,55.4019,5213.12,-58.3202,6347.32,-277.814,7348.95,7473.516,-1175.09
71,-126.382,908.492,292.967,3148.74,170.227,4148.08,55.4792,5213.11,-58.119,6347.26,-277.792,7348.93,7475.312,-1186.284
72,-128.542,919.99,292.734,3148.62,170.118,4148.04,55.3807,5213.06,-57.5639,6347.26,-277.92,7348.66,7477.202,-1197.91
73,-128.275,924.213,293.096,3148.68,170.221,4148.09,55.5572,5213.15,-57.9544,6347.19,-277.86,7348.84,7477.115,-1202.073
74,-130.666,938.535,292.931,3148.7,170.125,4148.16,55.4028,5213.2,-58.1884,6347.41,-277.624,7348.9,7479.566,-1216.159
75,-131.64,949.383,292.692,3148.61,170.101,4148.08,55.3887,5213.07,-57.563,6347.27,-277.842,7348.68,7480.32,-1227.225
76,-132.71,959.219,292.984,3148.53,170.18,4148.06,55.4272,5213.04,-58.3014,6347.16,-277.994,7348.82,7481.53,-1237.213
77,-134.135,967.709,292.779,3149.38,170.102,4148.16,55.4238,5213.19,-58.1848,6347.36,-277.788,7348.96,7483.095,-1245.497
78,-134.923,978.847,292.652,3149.07,170.291,4148.14,55.5352,5213.11,-56.9767,6347.22,-277.675,7348.97,7483.893,-1256.522
79,-137.286,989.181,292.763,3148.69,170.127,4148.04,55.527,5213.2,-57.2857,6347.23,-277.707,7348.89,7486.176,-1266.888
80,-138.76,998.116,292.922,3148.62,170.032,4148.08,55.2398,5213.02,-58.354,6347.32,-277.833,7348.74,7487.5,-1275.949
81,-139.994,1008.38,292.934,3148.64,170.194,4148.12,55.4245,5213.08,-58.1619,6347.27,-277.847,7349.01,7489.004,-1286.227
82,-140.982,1019.16,292.596,3148.96,170.118,4148.05,55.4517,5213.1,-57.693,6347.27,-278.009,7348.84,7489.822,-1297.169
83,-142.216,1028.73,293.104,3148.58,170.233,4148.06,55.503,5213.09,-58.1488,6347.16,-277.961,7348.71,7490.926,-1306.691
84,-143.784,1037.39,293.049,3148.57,170.154,4148.11,55.3451,5213.02,-56.6107,6347.09,-277.867,7349.03,7492.814,-1315.257
85,-145.95,1049.02,292.748,3148.79,170.141,4148.15,55.5409,5213.32,-57.1233,6347.38,-277.744,7348.96,7494.91,-1326.764
86,-146.83,1058.73,292.688,3149.03,170.254,4148.12,55.6141,5213.2,-57.2186,6347.19,-277.582,7348.97,7495.8,-1336.312
87,-148.584,1068.55,292.822,3148.47,169.965,4148.02,55.1094,5212.97,-58.7131,6347.28,-277.974,7348.85,7497.434,-1346.524
88,-149.023,1078.44,293.023,3148.73,170.218,4148.08,55.4804,5213.1,-57.0789,6347.11,-277.792,7348.85,7497.873,-1356.232
89,-150.417,1089.2,292.878,3148.78,170.29,4148.15,55.6674,5213.25,-59.0991,6347.34,-277.653,7348.88,7499.297,-1366.853
90,-152.869,1099.54,292.845,3148.5,169.958,4148.05,55.1729,5213.03,-58.9176,6347.46,-278.04,7348.87,7501.739,-1377.58
91,-153.94,1108.62,293.131,3148.62,170.168,4148.07,55.4658,5213.13,-58.0455,6347.23,-277.851,7348.79,7502.73,-1386.471
92,-154.601,1117.22,292.863,3148.87,170.239,4148.15,55.5556,5213.27,-57.2083,6347.38,-277.554,7348.82,7503.421,-1394.774
93,-155.868,1127.56,292.491,3148.86,170.118,4148.04,55.2813,5212.98,-58.315,6347.09,-277.419,7348.83,7504.698,-1404.979
94,-157.796,1138.85,293.017,3148.45,170.145,4148.02,55.3148,5212.89,-58.3361,6347.13,-278.061,7348.82,7506.616,-1416.911
95,-159.361,1148.38,293.07,3148.8,170.188,4148.13,55.5893,5213.27,-58.0595,6347.36,-277.385,7348.87,7508.231,-1425.765
96,-160.985,1158.89,292.742,3148.78,170.236,4148.17,55.4526,5213.11,-57.2726,6347.31,-277.716,7349.01,7509.995,-1436.606
97,-162.914,1167.81,292.944,3148.61,170.041,4148.11,55.3343,5213.1,-58.2747,6347.32,-277.845,7348.79,7511.704,-1445.655
98,-164.06,1177.79,293.111,3148.65,170.156,4148.05,55.4886,5213.15,-58.1011,6347.24,-277.343,7348.67,7512.73,-1455.133
99,-165.576,1187.77,292.746,3148.58,170.248,4148.09,55.4267,5213.08,-57.5272,6347.18,-277.725,7348.88,7514.456,-1465.495
100,-167.207,1197.36,292.418,3148.94,170.055,4148.12,55.2425,5213.03,-57.5199,6347.23,-277.871,7348.89,7516.097,-1475.231
101,-168.827,1207.96,293.114,3148.61,170.168,4148.01,55.5214,5213.14,-59.8296,6347.48,-277.845,7348.6,7517.427,-1485.805
102,-170.13,1217.72,292.971,3148.77,170.179,4148.17,55.4963,5213.17,-59.541,6347.23,-277.659,7348.79,7518.92,-1495.379
103,-171.887,1227.85,292.487,3149.06,170.137,4148.23,55.432,5213.21,-57.263,6347.36,-277.78,7349.12,7521.007,-1505.63
104,-172.528,1234.88,292.657,3148.98,170.223,4148.02,55.494,5213.03,-58.312,6347.38,-277.961,7348.87,7521.398,-1512.841
105,-175.2,1246.85,292.997,3148.58,170.103,4148,55.3921,5213.13,-58.299,6347.24,-277.864,7348.69,7523.89,-1524.714
106,-176.073,1257.42,292.718,3148.58,170.248,4148.18,55.4521,5213.12,-57.6532,6347.25,-277.689,7348.98,7525.053,-1535.109
107,-177.982,1267.14,292.964,3148.71,170.146,4148.1,55.4402,5213.06,-58.1769,6347.29,-277.817,7348.93,7526.912,-1544.957
108,-178.78,1276.56,293.043,3148.57,170.031,4148.03,55.3884,5213.19,-58.3174,6347.3,-277.585,7348.78,7527.56,-1554.145
109,-179.576,1287.9,292.664,3149.08,170.271,4148.18,55.5798,5213.14,-57.0115,6347.22,-277.547,7348.79,7528.366,-1565.447
110,-181.49,1296.95,292.508,3148.99,170.145,4148.15,55.3218,5213.06,-57.2413,6347.28,-277.828,7349,7530.49,-1574.778
111,-184.094,1307.86,293.041,3148.51,170.087,4148.02,55.322,5213.05,-56.4052,6346.92,-277.992,7348.66,7532.754,-1585.852
112,-185.42,1317,292.979,3148.67,170.18,4148.04,55.5115,5213.14,-57.0659,6347.12,-277.614,7348.95,7534.37,-1594.614
113,-186.692,1325.55,292.647,3148.66,170.11,4148.18,55.4792,5213.18,-57.5505,6347.46,-277.711,7349.15,7535.842,-1603.261
114,-188.39,1337.5,292.989,3148.62,170.156,4148.08,55.2908,5212.99,-58.1937,6347.23,-277.881,7348.89,7537.28,-1615.381
115,-189.634,1347.57,293.111,3148.62,170.099,4148.01,55.4371,5213.11,-58.1523,6347.21,-277.5,7348.72,7538.354,-1625.07
116,-191.237,1357.58,293.035,3148.7,170.266,4148.12,55.6373,5213.18,-57.2552,6347.28,-277.607,7348.87,7540.107,-1635.187
117,-192.102,1367.51,293.019,3148.62,170.224,4148.13,55.4368,5213.08,-58.1683,6347.28,-277.932,7349.1,7541.202,-1645.442
118,-194.681,1378.17,292.999,3148.51,171.641,4149.85,55.3466,5213.01,-58.4928,6347.24,-278.018,7348.59,7543.271,-1656.188
119,-195.869,1387.18,292.665,3149.03,171.216,4149.17,55.4983,5213.15,-57.3515,6347.19,-277.566,7348.95,7544.819,-1664.746
120,-197.46,1397.61,292.7,3148.74,171.218,4149.39,55.3852,5213.19,-57.5811,6347.42,-277.595,7349.07,7546.53,-1675.205
121,-198.703,1407.57,293.039,3148.53,171.117,4149.18,55.3715,5213.1,-58.2828,6347.25,-277.882,7348.83,7547.533,-1685.452
122,-199.642,1417.87,293.048,3148.55,171.141,4149.09,55.3918,5213.04,-58.1574,6347.09,-278.016,7348.65,7548.292,-1695.886
123,-201.394,1428.15,292.677,3148.67,171.133,4149.26,55.4502,5213.2,-57.4046,6347.33,-277.63,7348.89,7550.284,-1705.78
124,-203.508,1438.17,292.984,3148.65,171.241,4149.29,55.4399,5213.11,-58.2378,6347.34,-277.653,7349,7552.508,-1715.823
125,-204.744,1446.07,293.088,3148.51,171.087,4149.1,55.423,5213,-58.3225,6347.2,-277.989,7348.66,7553.404,-1724.059
126,-206.659,1457.69,292.761,3148.64,171.161,4149.21,55.4612,5213.17,-57.6337,6347.23,-277.813,7348.79,7555.449,-1735.503
127,-208.141,1467.49,292.648,3149.05,171.335,4149.33,55.5814,5213.18,-57.1984,6347.31,-277.622,7349.1,7557.241,-1745.112
128,-209.729,1477.38,292.557,3148.94,171.11,4149.17,55.4157,5213.07,-58.3426,6347.29,-277.898,7348.78,7558.509,-1755.278
129,-210.915,1487.71,293.046,3148.58,171.097,4149.04,55.4086,5213.06,-58.2984,6347.13,-277.939,7348.52,7559.435,-1765.649
130,-212.429,1497.07,292.708,3148.68,171.192,4149.29,55.3412,5213.03,-59.6735,6347.53,-277.641,7348.92,7561.349,-1774.711
131,-214.428,1507.62,292.93,3148.73,171.167,4149.37,55.5063,5213.23,-58.1934,6347.42,-277.306,7349.09,7563.518,-1784.926
132,-215.605,1517.29,293.096,3148.58,171.14,4149.14,55.3853,5213.12,-56.6753,6346.95,-277.955,7348.69,7564.295,-1795.245
133,-217.603,1527.21,292.731,3148.64,171.143,4149.16,55.4272,5213.14,-59.0263,6347.52,-277.734,7348.73,7566.333,-1804.944
134,-218.964,1537.19,292.821,3148.79,171.235,4149.29,55.4997,5213.21,-57.2326,6347.27,-277.638,7348.98,7567.944,-1814.828
135,-220,1547.48,293.107,3148.53,171.121,4149.17,55.4182,5213.14,-58.7906,6346.92,-277.919,7348.8,7568.8,-1825.399
136,-221.817,1557.32,292.959,3148.56,171.066,4149.07,55.4049,5213.03,-58.3575,6347.23,-277.806,7348.43,7570.247,-1835.126
137,-222.844,1567.16,292.779,3148.7,171.265,4149.3,55.556,5213.15,-57.3488,6347.28,-277.671,7348.96,7571.804,-1844.831
138,-224.572,1577.24,293.069,3148.65,171.247,4149.27,55.5264,5213.15,-58.0831,6347.33,-277.706,7348.96,7573.532,-1854.946
139,-226.201,1586.81,293.023,3148.54,171.17,4149.11,55.422,5212.97,-58.2342,6347.16,-277.717,7348.54,7574.741,-1864.527
140,-227.635,1596.57,292.687,3148.58,171.113,4149.18,55.4037,5213.11,-57.506,6347.19,-277.758,7348.71,7576.345,-1874.328
141,-229.009,1606.11,292.891,3148.79,171.138,4149.29,55.4915,5213.25,-57.209,6347.28,-277.723,7349.01,7578.019,-1883.833
142,-228.766,1612.85,293.085,3148.55,171.178,4149.15,55.3894,5213.09,-58.1134,6347.24,-277.747,7348.67,7577.436,-1890.597
143,-229.888,1622.59,292.568,3148.94,171.089,4149.11,55.4095,5213.09,-56.1957,6347.54,-277.901,7348.59,7578.478,-1900.491
144,-232.382,1633.62,292.801,3148.79,171.263,4149.29,55.5174,5213.22,-52.9471,6346.37,-277.422,7348.97,7581.352,-1911.042
145,-234.88,1645.89,293.049,3148.61,171.248,4149.29,55.4417,5213.15,-58.0179,6347.34,-277.655,7348.95,7583.83,-1923.545
146,-236.802,1655.98,292.971,3148.54,171.047,4149.12,55.3608,5213.04,-58.4038,6347.26,-277.812,7348.54,7585.342,-1933.792
147,-237.975,1665.56,292.782,3148.64,171.167,4149.15,55.4278,5213.04,-57.3657,6347.17,-277.843,7348.72,7586.695,-1943.403
148,-239.611,1675.37,292.976,3148.71,171.211,4149.32,55.403,5213.08,-58.2305,6347.37,-277.62,7348.89,7588.501,-1952.99
149,-241.136,1685.88,293.065,3148.58,171.177,4149.19,55.4184,5213.02,-56.4984,6347.03,-277.649,7348.74,7589.876,-1963.529
150,-243.141,1696.09,292.71,3149.05,171.221,4149.15,55.5322,5213.14,-57.2038,6347.13,-277.431,7348.84,7591.981,-1973.521
151,-244.881,1706.13,292.66,3148.69,171.118,4149.28,55.3798,5213.16,-57.4704,6347.32,-277.78,7348.93,7593.811,-1983.91
152,-245.453,1714.17,292.954,3148.54,171.094,4149.25,55.249,5213.11,-58.4106,6347.33,-277.83,7348.91,7594.363,-1992
153,-247.483,1726.65,293.05,3148.71,171.132,4149.11,55.4409,5213.08,-57.14,6347.1,-277.455,7348.67,7596.153,-2004.105
154,-248.767,1736.33,292.721,3148.6,171.145,4149.19,55.8188,5213.34,-57.5214,6347.16,-277.824,7348.72,7597.487,-2014.154
155,-250.387,1746.3,292.99,3148.59,171.172,4149.3,55.7643,5213.43,-58.184,6347.33,-277.778,7348.99,7599.377,-2024.078
156,-252.304,1756.26,293.159,3148.69,171.209,4149.25,55.9741,5213.49,-58.0603,6347.32,-277.354,7348.94,7601.244,-2033.614
157,-253.852,1766.13,292.714,3148.62,171.146,4149.18,55.8361,5213.39,-57.4583,6347.21,-277.765,7348.66,7602.512,-2043.895
158,-255.453,1775.72,292.418,3148.9,171.057,4149.2,55.6862,5213.33,-57.5106,6347.23,-277.693,7348.69,7604.143,-2053.413
159,-256.594,1785.28,293.136,3148.6,171.249,4149.22,55.9599,5213.47,-57.925,6346.36,-277.745,7348.8,7605.394,-2063.025
160,-257.8,1795.22,292.642,3148.97,171.195,4149.17,55.8661,5213.32,-57.2177,6347.13,-277.777,7348.73,7606.53,-2072.997
161,-259.518,1804.83,292.701,3148.68,171.121,4149.18,55.4437,5213.14,-57.477,6347.27,-277.78,7348.84,7608.358,-2082.61
162,-261.057,1814.34,293.09,3148.67,171.192,4149.23,55.5162,5213.22,-58.0447,6347.34,-277.787,7348.91,7609.967,-2092.127
163,-262.901,1824.74,292.948,3148.57,171.067,4149.17,55.3481,5213.15,-58.426,6347.37,-277.791,7348.71,7611.611,-2102.531
164,-264.509,1834.66,292.681,3148.56,171.125,4149.16,55.4141,5213.08,-57.678,6347.19,-277.733,7348.69,7613.199,-2112.393
165,-265.494,1844.12,293.013,3148.72,171.203,4149.22,55.4577,5213.11,-58.0577,6347.27,-277.847,7348.91,7614.404,-2121.967
166,-267.453,1854.19,293.021,3148.57,171.128,4149.18,55.4195,5213.15,-56.6135,6347.07,-277.899,7348.88,7616.333,-2132.089
167,-268.745,1864.17,292.653,3149.06,171.217,4149.19,55.3958,5213.03,-57.1212,6347.19,-277.726,7348.75,7617.495,-2141.896
168,-270.016,1870.34,292.741,3148.71,171.171,4149.24,55.1887,5213.68,-57.2455,6347.26,-277.604,7348.75,7618.766,-2147.944
169,-270.648,1881.09,292.997,3148.46,171.075,4149.18,55.6234,5213.28,-58.5298,6347.28,-277.96,7348.91,7619.558,-2159.05
170,-272.249,1891.08,293.061,3148.53,171.208,4149.15,55.8632,5213.35,-58.3871,6347.26,-277.93,7348.81,7621.059,-2169.01
171,-273.541,1901.35,292.797,3148.65,171.209,4149.19,55.9114,5213.35,-57.5258,6347.25,-277.733,7348.81,7622.351,-2179.083
172,-275.139,1910.84,292.959,3148.63,171.135,4149.23,55.0265,5213.6,-58.2035,6347.25,-277.937,7348.87,7624.009,-2188.777
173,-276.697,1920.48,293.035,3148.63,171.105,4149.21,55.1064,5213.68,-56.6158,6347.14,-277.815,7348.83,7625.527,-2198.295
174,-278.079,1930.47,292.617,3149.03,171.191,4149.25,55.2082,5213.69,-57.8309,6346.69,-277.607,7348.8,7626.879,-2208.077
175,-279.246,1940.12,292.469,3148.93,171.119,4149.25,55.0381,5213.54,-57.4628,6347.21,-277.858,7348.94,7628.186,-2217.978
176,-280.96,1949.74,292.555,3148.94,171.116,4149.17,55.0481,5213.55,-56.5641,6347.04,-277.857,7348.76,7629.72,-2227.597
177,-282.276,1959.72,293.101,3148.69,171.233,4149.15,55.1518,5213.59,-57.8292,6347.19,-277.495,7348.84,7631.116,-2237.215
178,-284.028,1969.93,292.679,3148.71,171.117,4149.22,55.7672,5213.42,-57.4247,6347.24,-277.842,7348.92,7632.948,-2247.772
179,-285.512,1979.62,292.996,3148.61,171.108,4149.2,55.795,5213.43,-56.8724,6347.21,-277.547,7348.87,7634.382,-2257.167
180,-286.923,1989.42,293.12,3148.61,171.204,4149.19,55.8929,5213.39,-58.0935,6347.31,-277.648,7348.68,7635.603,-2267.068
181,-288.471,1999.69,292.714,3148.62,171.162,4149.26,55.8144,5213.48,-58.0116,6347.37,-277.823,7348.92,7637.391,-2277.513
182,-289.923,2009.4,292.939,3148.7,171.163,4149.16,55.805,5213.37,-57.2279,6347.14,-277.891,7348.92,7638.843,-2287.291
183,-291.373,2018.9,293.1,3148.61,171.152,4149.18,55.8859,5213.38,-57.8511,6346.31,-277.893,7348.82,7640.193,-2296.793
184,-293.156,2029.53,292.928,3148.64,171.134,4149.22,55.8269,5213.46,-58.1342,6347.44,-277.686,7348.85,7642.006,-2307.216
185,-294.888,2039.89,292.689,3148.68,171.16,4149.25,55.8549,5213.43,-57.2948,6347.26,-277.652,7348.9,7643.788,-2317.542
186,-296.607,2049.34,293.022,3148.65,171.074,4149.14,55.8072,5213.41,-58.2218,6347.26,-277.558,7348.88,7645.487,-2326.898
187,-298.447,2059.25,293.042,3148.61,170.187,4148.04,55.8797,5213.39,-58.1945,6347.27,-277.772,7348.68,7647.127,-2337.022
188,-299.882,2069.47,292.736,3148.52,170.205,4148.07,55.8863,5213.35,-57.4221,6347.22,-277.914,7348.89,7648.772,-2347.384
189,-301.737,2079.27,293.012,3148.65,170.134,4148.06,55.7849,5213.33,-58.176,6347.27,-277.496,7348.79,7650.527,-2356.766
190,-303.299,2088.98,293.045,3148.56,170.132,4148.06,55.7105,5213.36,-58.2274,6347.25,-277.747,7348.69,7651.989,-2366.727
191,-304.95,2099.12,292.566,3149.07,170.184,4148.18,55.94,5213.54,-57.2608,6347.37,-277.423,7348.96,7653.91,-2376.543
192,-306.368,2109.35,292.796,3148.81,170.223,4148.15,55.9468,5213.48,-57.1499,6347.25,-277.668,7348.86,7655.228,-2387.018
193,-311.083,2119.26,292.986,3148.5,170.126,4148.07,55.6728,5213.28,-56.7034,6346.94,-277.993,7348.83,7659.913,-2397.253
194,-311.436,2128.94,293.022,3148.6,170.116,4148.04,55.7804,5213.43,-58.3622,6347.3,-277.859,7348.79,7660.226,-2406.799
195,-313.034,2139.1,292.844,3148.7,170.286,4148.12,56.0557,5213.48,-57.364,6347.3,-277.57,7348.88,7661.914,-2416.67
196,-315.139,2148.65,292.874,3148.58,170.052,4148.09,55.6281,5213.26,-58.435,6347.34,-277.895,7348.94,7664.079,-2426.545
197,-316.451,2158.28,292.533,3148.94,170.062,4148.03,55.3331,5213.08,-58.3418,6347.24,-278.008,7348.7,7665.151,-2436.288
198,-317.812,2168.53,292.872,3148.69,170.312,4148.12,55.6576,5213.19,-58.5687,6347.48,-277.431,7349.02,7666.832,-2445.961
199,-319.958,2178.71,292.479,3148.98,170.128,4148.2,55.3882,5213.16,-57.3129,6347.26,-277.755,7348.92,7668.878,-2456.465
200,-321.017,2188.37,293.057,3148.55,170.125,4148.01,55.4064,5213.02,-59.626,6347.4,-278.019,7348.77,7669.787,-2466.389
201,-322.705,2198.23,292.925,3148.77,170.155,4148.07,55.5044,5213.19,-59.2539,6347.29,-277.72,7348.78,7671.485,-2475.95
202,-324.365,2208.29,292.636,3148.7,170.092,4148.17,55.294,5213.11,-57.5256,6347.44,-277.636,7349.03,7673.395,-2485.926
203,-326.203,2218.21,293.055,3148.55,170.117,4148.06,55.3213,5213.08,-58.1782,6347.2,-277.891,7348.89,7675.093,-2496.101
204,-328.051,2228.09,293.081,3148.61,170.103,4147.96,55.4352,5213.12,-60.4061,6347.28,-277.802,7348.59,7676.641,-2505.892
205,-329.637,2237.97,292.816,3148.69,170.276,4148.13,55.5004,5213.08,-57.1994,6347.28,-277.692,7348.85,7678.487,-2515.662
206,-331.104,2248.32,292.875,3148.75,170.171,4148.16,55.5245,5213.16,-58.9154,6347.59,-277.812,7348.99,7680.094,-2526.132
207,-332.158,2258.5,292.978,3148.52,170.013,4148.05,55.2982,5213.08,-58.5494,6347.27,-277.839,7348.58,7680.738,-2536.339
208,-333.423,2268.43,293.078,3148.6,170.166,4148.08,55.3815,5213,-52.5326,6329.95,-277.879,7348.74,7682.163,-2546.309
209,-334.976,2278.75,292.74,3148.81,170.193,4148.21,55.4991,5213.16,-54.9022,6330.49,-277.509,7349.25,7684.226,-2556.259
210,-336.994,2288.56,293.102,3148.62,170.18,4148.08,55.512,5213.18,-55.9145,6329.3,-277.694,7348.85,7685.844,-2566.254
211,-338.975,2298.03,293.017,3148.49,170.073,4147.95,55.3173,5212.95,-58.3819,6347.13,-278.053,7348.67,7687.645,-2576.083
212,-340.653,2308.34,292.693,3148.62,170.111,4148.15,55.5015,5213.23,-57.468,6347.41,-277.526,7349.04,7689.693,-2585.866
213,-341.972,2318.66,292.935,3148.79,170.238,4148.21,55.4059,5213.08,-58.7772,6347.71,-277.679,7349.02,7690.992,-2596.339
214,-343.206,2328.45,292.915,3148.48,169.99,4148.03,55.6082,5213.29,-56.725,6347.02,-277.971,7348.75,7691.956,-2606.421
215,-344.07,2338.28,292.964,3148.78,170.21,4148.05,55.9291,5213.44,-57.0974,6347.13,-277.819,7348.66,7692.73,-2616.099
216,-345.728,2348.14,292.734,3149.1,170.382,4148.22,56.1014,5213.53,-57.0171,6347.28,-277.585,7348.95,7694.678,-2625.725
217,-347.757,2357.55,292.892,3148.48,169.99,4148.06,55.57,5213.25,-58.6412,6347.32,-277.834,7348.78,7696.537,-2635.384
218,-349.35,2367.05,293.038,3148.67,170.113,4148.02,55.7587,5213.32,-58.166,6347.16,-277.998,7348.63,7697.98,-2645.048
219,-350.297,2376.55,292.786,3148.72,170.247,4148.2,56.006,5213.59,-57.5112,6347.38,-277.687,7349,7699.297,-2654.237
220,-351.441,2386.3,292.802,3148.67,170.13,4148.2,55.2951,5213.13,-57.5776,6347.41,-277.673,7349.06,7700.501,-2663.973
221,-352.361,2396.36,293.076,3148.54,170.129,4148,55.4312,5213.01,-57.5771,6347.17,-278.038,7348.77,7701.131,-2674.398
222,-353.508,2406.31,292.823,3148.77,170.152,4148.04,55.5079,5213.26,-56.4754,6347.13,-277.806,7348.64,7702.148,-2684.116
223,-355.474,2415.9,292.5,3148.99,170.189,4148.19,55.3668,5213.16,-56.5053,6347.35,-277.564,7349.14,7704.614,-2693.464
224,-357.411,2426.01,292.502,3148.92,171.641,4149.92,55.4287,5213.1,-55.7538,6346.99,-277.991,7348.93,7706.341,-2704.001
225,-358.841,2435.95,293.065,3148.58,171.094,4149.08,55.4708,5213.16,-57.3434,6347.15,-277.919,7348.53,7707.371,-2713.869
226,-360.231,2445.7,292.75,3148.64,171.292,4149.27,55.4766,5213.11,-56.8326,6347.37,-277.679,7348.95,7709.181,-2723.379
227,-361.056,2456.57,292.989,3148.74,171.21,4149.35,55.4895,5213.28,-57.1795,6347.37,-277.83,7349.19,7710.246,-2734.4
228,-362.058,2467.33,293.078,3148.58,171.127,4149.11,55.4451,5213.12,-55.5868,6346.88,-278.06,7348.75,7710.808,-2745.39
229,-363.243,2477.66,292.659,3148.53,171.092,4149.11,55.298,5213.01,-57.4516,6347.17,-277.973,7348.78,7712.023,-2755.633
230,-364.791,2488.03,292.822,3148.83,171.177,4149.35,55.4996,5213.21,-57.1825,6347.4,-277.757,7349.14,7713.931,-2765.787
231,-366.281,2498.61,293.103,3148.61,171.231,4149.23,55.4916,5213.08,-56.4245,6346.95,-277.981,7348.92,7715.201,-2776.591
232,-367.549,2508.89,292.755,3148.66,170.02,4147.95,55.2901,5213.04,-57.6498,6347.1,-278.041,7348.61,7716.159,-2786.931
233,-368.124,2518.97,292.776,3148.68,170.214,4148.14,55.5316,5213.25,-57.59,6347.31,-277.725,7348.93,7717.054,-2796.695
234,-368.289,2528.67,293.023,3148.66,170.209,4148.18,55.4988,5213.25,-58.0444,6347.39,-277.784,7349.14,7717.429,-2806.454
235,-368.623,2537.89,292.921,3148.48,169.966,4148,55.2351,5213.02,-58.6791,6347.26,-278.032,7348.73,7717.353,-2815.922
236,-368.729,2547.46,292.84,3148.65,170.262,4148.08,55.5638,5213.12,-57.2464,6347.17,-277.842,7348.8,7717.529,-2825.302
237,-369.204,2556.94,292.933,3148.83,170.214,4148.2,55.5318,5213.23,-81.8203,6350.08,-277.756,7349.21,7718.414,-2834.696
238,-369.395,2566.42,292.959,3148.54,170.07,4148.06,55.2549,5213.02,-58.4165,6347.28,-277.921,7348.94,7718.335,-2844.341
239,-369.112,2576.32,292.708,3149.03,170.192,4148,55.4553,5213.05,-57.4139,6346.45,-277.475,7348.78,7717.892,-2853.795
240,-369.149,2586.17,292.682,3148.64,170.096,4148.14,55.4003,5213.16,-57.7031,6347.41,-277.738,7348.9,7718.049,-2863.908
241,-368.866,2596.18,292.968,3148.6,170.154,4148.14,55.2783,5213.06,-58.3841,6347.34,-277.864,7349.04,7717.906,-2874.044
242,-369.189,2606.33,293.047,3148.59,170.108,4148.01,55.422,5213.14,-58.2104,6347.13,-277.844,7348.47,7717.659,-2884.174
243,-370.445,2616.93,292.723,3148.64,170.117,4148.04,55.4329,5213.17,-58.7001,6346.69,-277.713,7348.62,7719.065,-2894.643
244,-371.659,2627.25,292.971,3148.78,170.218,4148.19,55.4432,5213.1,-58.0698,6347.39,-277.749,7349.21,7720.869,-2904.999
245,-372.972,2637.18,292.534,3149.06,170.076,4148.11,55.4944,5213.22,-56.3457,6347.16,-277.665,7348.83,7721.802,-2914.845
246,-374.252,2647.1,292.584,3148.98,170.095,4148,55.373,5213.08,-57.43,6347.09,-277.922,7348.7,7722.952,-2925.022
247,-375.728,2657.18,292.508,3148.99,170.158,4148.11,55.3781,5213.07,-57.4115,6347.24,-277.807,7349,7724.728,-2934.987
248,-377.071,2666.84,293.084,3148.69,170.209,4148.17,55.5011,5213.17,-58.1119,6347.42,-277.649,7348.96,7726.031,-2944.489
249,-378.547,2676.79,293.127,3148.64,170.208,4148,55.4217,5212.98,-58.0624,6347.17,-277.817,7348.63,7727.177,-2954.607
250,-380.019,2687.26,292.639,3148.62,170.033,4148.04,55.3257,5213.08,-57.8308,6347.24,-278.022,7348.83,7728.849,-2965.282
251,-380.944,2697.9,293.031,3148.76,170.211,4148.17,55.554,5213.25,-58.0265,6347.4,-277.669,7348.95,7729.894,-2975.569
252,-381.98,2708.02,293.091,3148.63,170.199,4148.12,55.4266,5213.16,-56.25,6347.06,-277.881,7348.99,7730.97,-2985.901
253,-383.138,2718.12,292.591,3148.54,169.999,4148.04,55.2117,5212.94,-57.6336,6347.13,-277.987,7348.68,7731.818,-2996.107
254,-384.346,2728.75,292.645,3149.05,170.231,4148.1,55.5248,5213.15,-57.1954,6347.14,-277.7,7348.73,7733.076,-3006.45
255,-385.427,2738.72,293.102,3148.76,170.193,4148.18,55.5116,5213.24,-56.1286,6347.18,-277.423,7349.08,7734.507,-3016.143
256,-386.405,2748.4,292.981,3148.7,170.069,4148.09,55.3305,5213.07,-58.3758,6347.35,-277.888,7348.86,7735.265,-3026.288
257,-386.99,2758.85,292.828,3148.71,170.218,4148.07,55.5184,5213.1,-57.2895,6347.15,-277.864,7348.74,7735.73,-3036.714
258,-388.202,2769.08,293.048,3148.63,170.129,4148.1,55.4325,5213.15,-58.2195,6347.38,-277.707,7348.84,7737.042,-3046.787
259,-389.105,2778.68,293.01,3148.57,170.201,4148.13,55.3712,5213,-58.3456,6347.3,-277.874,7349.02,7738.125,-3056.554
260,-390.302,2788.74,292.783,3148.69,170.139,4148.02,55.4231,5213.02,-57.5265,6347.16,-277.837,7348.67,7738.972,-3066.577
261,-391.691,2799.11,292.535,3149.06,170.063,4148.08,55.4382,5213.2,-57.171,6347.21,-277.825,7348.74,7740.431,-3076.935
262,-392.89,2808.88,292.555,3149.09,170.203,4148.19,55.4574,5213.19,-56.2883,6347.11,-277.927,7349.15,7742.04,-3086.807
263,-394.018,2818.46,292.605,3149.09,170.139,4148.1,55.5181,5213.24,-57.1393,6347.26,-277.63,7348.78,7742.798,-3096.09
264,-395.224,2828.55,292.719,3148.62,170.136,4147.96,55.3787,5213.02,-57.4496,6347.09,-277.932,7348.73,7743.954,-3106.482
265,-396.48,2839.14,293.146,3148.43,170.096,4148.07,55.152,5212.87,-56.7535,6347.08,-277.946,7348.88,7745.36,-3117.086
266,-397.735,2849.19,293.109,3148.74,170.196,4148.13,55.596,5213.26,-58.1207,6347.44,-277.638,7348.83,7746.565,-3126.828
267,-399.108,2858.76,292.528,3148.86,170.24,4148.07,55.4979,5213.11,-57.4514,6347.2,-277.618,7349.03,7748.138,-3136.378
268,-400.766,2869.09,292.845,3148.67,170.015,4148.06,55.2775,5213.06,-60.058,6347.56,-278.068,7348.85,7749.616,-3147.158
269,-401.87,2879.51,293.099,3148.59,170.21,4148.09,55.5127,5213.13,-58.4389,6347.47,-277.612,7349.01,7750.88,-3157.122
270,-402.801,2889.38,292.829,3148.81,170.287,4148.14,55.6086,5213.22,-57.0636,6347.26,-277.667,7348.99,7751.791,-3167.047
271,-404.104,2899.32,292.577,3148.61,169.992,4148.14,55.2242,5213.1,-57.6985,6347.24,-278.031,7348.95,7753.054,-3177.351
272,-405.143,2909.6,293.033,3148.56,170.106,4148.02,55.3526,5213.04,-58.1406,6347.16,-277.947,7348.72,7753.863,-3187.547
273,-406.254,2919.52,293.074,3148.73,170.185,4148.11,55.5512,5213.26,-58.0572,6347.42,-277.391,7349.09,7755.344,-3196.911
274,-407.578,2929.04,292.721,3148.73,170.189,4148.16,55.4569,5213.19,-57.3385,6347.31,-277.705,7348.93,7756.508,-3206.745
275,-408.822,2939.18,292.95,3148.57,170.096,4147.97,55.2567,5212.97,-58.3772,6347.14,-277.989,7348.73,7757.552,-3217.169
276,-409.825,2949.35,293.094,3148.62,170.093,4148.02,55.4664,5213.14,-58.2502,6347.29,-277.854,7348.65,7758.475,-3227.204
277,-410.631,2958.93,292.814,3148.75,170.278,4148.19,55.5314,5213.15,-57.4091,6347.32,-277.676,7348.97,7759.601,-3236.606
278,-411.979,2968.55,292.464,3148.94,170.084,4148.1,55.3481,5213.09,-57.3059,6347.22,-277.863,7348.91,7760.889,-3246.413
279,-413.074,2978.8,292.566,3148.96,170.093,4147.98,55.4434,5213.09,-56.3493,6345.99,-278.024,7348.68,7761.754,-3256.824
280,-413.966,2988.73,293.001,3148.85,170.269,4148.16,55.4855,5213.08,-56.8773,6347.19,-277.504,7349.07,7763.036,-3266.234
281,-415.132,2998.66,292.659,3148.73,170.14,4148.19,55.4641,5213.23,-57.721,6347.41,-277.697,7349.14,7764.272,-3276.357
282,-416.158,3009.02,293.045,3148.6,170.1,4148.01,55.3567,5213.1,-59.0348,6346.48,-277.974,7348.74,7764.898,-3286.994
283,-417.331,3019.21,292.778,3149.31,170.109,4148.02,55.317,5213.08,-58.3056,6347.25,-277.918,7348.71,7766.041,-3297.128
284,-418.559,3029.14,292.748,3148.8,170.206,4148.16,55.4432,5213.13,-57.5111,6347.42,-277.547,7348.86,7767.419,-3306.687
285,-419.787,3039.35,292.918,3148.84,170.257,4148.14,55.5521,5213.21,-57.0877,6347.19,-277.787,7348.92,7768.707,-3317.137
286,-421.42,3049.84,293.014,3148.5,170.04,4148.03,55.3168,5213.07,-56.3828,6346.92,-278.091,7348.71,7770.13,-3327.931
287,-422.307,3059.98,292.882,3148.71,170.155,4148.05,55.437,5213.07,-58.2875,6347.27,-277.835,7348.67,7770.977,-3337.815
288,-422.835,3070.02,292.827,3148.76,170.31,4148.22,55.6708,5213.31,-57.1717,6347.35,-277.593,7348.99,7771.825,-3347.613
289,-424.182,3079.8,292.99,3148.57,170.067,4148.06,55.3229,5213.1,-58.2958,6347.29,-277.87,7348.81,7772.992,-3357.67
290,-425.541,3089.63,293.004,3148.48,170.109,4147.97,55.2822,5212.89,-58.4631,6347.14,-277.886,7348.61,7774.151,-3367.516
291,-426.894,3099.44,292.815,3148.74,170.273,4148.17,55.6444,5213.29,-57.5206,6347.36,-277.599,7348.93,7775.824,-3377.039
292,-428.376,3109.09,292.922,3148.83,170.151,4148.18,55.4689,5213.24,-58.0344,6347.4,-277.752,7349.03,7777.406,-3386.842
293,-429.593,3118.96,293.007,3148.46,170.058,4148.01,55.2174,5212.96,-58.4436,6347.19,-278.02,7348.77,7778.363,-3396.98
294,-430.583,3129.04,292.627,3149.03,170.133,4148.04,55.4715,5213.18,-57.3309,6347.2,-277.525,7348.76,7779.343,-3406.565
295,-431.406,3138.67,292.744,3148.71,170.239,4148.16,55.5053,5213.22,-57.2101,6347.26,-277.716,7349,7780.406,-3416.386
296,-432.576,3148.62,292.987,3148.63,170.134,4148.11,55.3713,5213.11,-58.2329,6347.24,-277.93,7349,7781.576,-3426.55
297,-433.674,3158.82,293.04,3148.67,170.123,4148.04,55.4661,5213.15,-58.2161,6347.21,-277.897,7348.63,7782.304,-3436.717
298,-434.967,3168.44,292.638,3148.77,170.188,4148.11,55.4433,5213.17,-57.4118,6347.25,-277.72,7348.9,7783.867,-3446.16
299,-436.441,3178.25,292.797,3148.69,170.078,4148.15,54.4327,5212.92,-58.3438,6347.39,-277.843,7349.06,7785.501,-3456.093
300,-437.493,3188.61,293.086,3148.71,170.183,4148.03,55.5339,5213.19,-58.0924,6347.24,-277.717,7348.69,7786.183,-3466.327
301,-438.785,3198.72,292.65,3148.76,170.204,4148,55.4855,5213.08,-57.2886,6347.2,-277.835,7348.71,7787.495,-3476.555
302,-439.923,3208.59,292.233,3149.03,170.074,4148.13,55.2393,5213.08,-60.1173,6347.47,-277.896,7349.03,7788.953,-3486.486
303,-440.819,3218.76,293.041,3148.8,170.222,4148.16,55.5371,5213.26,-56.3692,6347.11,-277.748,7348.88,7789.699,-3496.508
304,-441.982,3228.78,292.826,3148.87,170.159,4148.09,55.455,5213.08,-58.1392,6347.05,-277.704,7348.74,7790.722,-3506.484
305,-443.291,3238.33,292.428,3148.64,170.076,4148.07,55.2271,5213.01,-57.6127,6347.22,-277.83,7348.77,7792.061,-3516.16
306,-444.385,3248.28,293.041,3148.74,170.188,4148.08,55.5483,5213.19,-56.3648,6347.01,-277.809,7348.81,7793.195,-3526.089
307,-445.519,3258.66,292.956,3148.75,170.147,4148.07,55.5067,5213.13,-57.8671,6347.25,-277.476,7348.92,7794.439,-3536.136
308,-446.684,3268.66,292.485,3148.71,170.091,4148.09,55.238,5213.06,-57.5252,6347.23,-277.89,7348.95,7795.634,-3546.55
309,-447.593,3278.38,292.859,3148.83,170.128,4148.09,55.3656,5213.04,-57.0315,6347.19,-277.77,7348.83,7796.423,-3556.15
310,-448.608,3288.4,292.958,3148.76,170.157,4148.06,55.4962,5213.17,-58.7807,6347.6,-277.661,7348.66,7797.268,-3566.061
311,-449.746,3298.45,292.627,3148.86,170.216,4148.13,55.4593,5213.09,-57.4136,6347.32,-277.706,7348.92,7798.666,-3576.156
312,-451.135,3308,292.168,3149.18,170.113,4148.1,55.3717,5213.09,-57.3119,6347.19,-277.923,7348.78,7799.915,-3585.923
313,-452.349,3317.75,293.293,3148.38,170.082,4148,55.3533,5213.03,-58.5742,6347.38,-278.049,7348.75,7801.099,-3595.799
314,-453.439,3328.43,293.214,3148.67,170.216,4148.14,55.5623,5213.24,-58.0551,6347.33,-277.4,7349.04,7802.479,-3605.83
315,-454.568,3338.77,292.84,3148.61,170.156,4148.15,55.5009,5213.17,-57.5837,6347.4,-277.756,7349.07,7803.638,-3616.526
316,-455.476,3348.28,293.121,3148.4,170.064,4148.01,55.2384,5212.99,-59.3143,6346.84,-278.104,7348.84,7804.316,-3626.384
317,-456.579,3358.36,293.31,3148.51,170.127,4148.05,55.4296,5213.07,-58.2269,6347.27,-277.954,7348.81,7805.389,-3636.314
318,-457.784,3368.65,292.944,3148.71,170.236,4148.19,55.6357,5213.26,-57.3805,6346.44,-277.614,7349.13,7806.914,-3646.264
319,-459.238,3378.05,293.081,3148.49,170.116,4148.06,55.2996,5213,-57.1649,6347.16,-277.913,7348.93,7808.168,-3655.963
320,-460.46,3387.82,293.263,3148.5,170.024,4147.97,55.3637,5213.11,-58.412,6347.2,-278.023,7348.55,7809.01,-3665.843
321,-461.414,3398.26,292.911,3149.07,170.217,4148.13,55.5146,5213.16,-57.2264,6347.31,-277.299,7349.03,7810.444,-3675.559
322,-462.686,3408.45,292.976,3148.27,170.181,4148.21,55.391,5213.13,-57.5542,6347.35,-277.782,7349.18,7811.866,-3686.232
323,-463.565,3418.15,293.275,3148.35,170.053,4147.98,55.2458,5212.94,-58.4332,6347.15,-278.1,7348.63,7812.195,-3696.25
324,-464.64,3428.06,293.36,3148.5,170.192,4147.99,55.4917,5213.12,-58.0596,6347.16,-277.444,7348.75,7813.39,-3705.504
325,-466.14,3438.04,292.784,3148.68,170.165,4148.24,55.3866,5213.22,-57.4945,6347.44,-277.537,7349.14,7815.28,-3715.577
326,-467.59,3447.7,293.169,3148.58,170.107,4148.1,55.4156,5213.12,-58.285,6347.4,-277.806,7348.9,7816.49,-3725.506
327,-468.886,3457.33,292.953,3148.87,170.14,4147.94,55.4064,5213.08,-56.2808,6347.25,-277.949,7348.51,7817.396,-3735.279
328,-470.38,3467.4,292.844,3148.45,170.129,4148.16,55.3746,5213.14,-57.4075,6347.3,-277.771,7348.98,7819.36,-3745.171
329,-471.158,3477.66,292.929,3148.54,170.241,4148.19,55.4213,5213.2,-57.0707,6346.57,-277.618,7349.16,7820.318,-3755.278
330,-471.594,3487.43,293.478,3148.22,170.115,4148,55.3947,5213.11,-56.4541,6346.95,-277.979,7348.59,7820.184,-3765.409
331,-472.634,3497.11,293.226,3148.26,170.026,4148,55.2834,5213.04,-58.5028,6347.21,-277.858,7348.54,7821.174,-3774.968
332,-473.859,3507.48,293.007,3148.34,170.197,4148.19,55.5361,5213.22,-57.1256,6347.42,-277.635,7349.09,7822.949,-3785.115
333,-475.231,3517.21,293.538,3148.5,170.137,4148.14,55.4794,5213.24,-58.0795,6347.35,-277.728,7348.85,7824.081,-3794.938
334,-476.545,3526.65,293.275,3148.39,170.113,4147.99,55.4046,5213.03,-58.2387,6347.13,-278.04,7348.64,7825.185,-3804.69
335,-477.827,3536.9,292.883,3148.6,169.905,4147.47,55.3835,5213.04,-57.642,6347.24,-277.74,7348.89,7826.717,-3814.64
336,-478.808,3547.32,293.045,3148.76,170.201,4148.2,55.5173,5213.21,-57.2146,6347.38,-277.383,7349.11,7827.918,-3824.703
337,-479.612,3556.95,293.379,3148.4,169.903,4147.49,55.253,5212.97,-58.2927,6347.21,-278.021,7348.72,7828.332,-3834.971
338,-480.605,3566.77,293.162,3148.57,169.816,4147.49,55.4248,5213.1,-57.2996,6347.2,-277.685,7348.85,7829.455,-3844.455
339,-481.328,3577.09,292.921,3148.7,169.95,4147.61,55.5735,5213.24,-57.1052,6347.35,-277.545,7349.02,7830.348,-3854.635
340,-482.456,3586.49,293.318,3148.42,169.921,4147.56,55.41,5213.1,-58.2089,6347.26,-277.957,7349,7831.456,-3864.447
341,-483.787,3595.79,293.194,3148.45,170.034,4147.96,55.2833,5212.96,-58.1222,6346.89,-278.079,7348.67,7832.457,-3873.869
342,-484.71,3605.83,292.898,3148.53,169.943,4147.54,55.4878,5213.14,-57.5306,6347.24,-277.719,7348.79,7833.5,-3883.549
343,-485.818,3616.09,293.166,3148.58,169.822,4147.55,55.401,5213.25,-59.5733,6346.93,-277.743,7349.01,7834.828,-3893.833
344,-486.735,3625.89,293.277,3148.43,170.101,4147.99,55.3982,5213.14,-57.1109,6346.02,-277.941,7348.79,7835.525,-3903.831
345,-487.753,3635.99,292.869,3148.93,170.232,4147.99,55.5556,5213.12,-57.1337,6346.09,-277.851,7348.7,7836.453,-3913.841
346,-489.489,3646.48,292.876,3148.65,170.181,4148.19,55.5419,5213.27,-58.0625,6347.79,-277.728,7348.94,7838.429,-3924.208
347,-491.056,3656.49,293.28,3148.43,170.176,4148.1,55.4388,5213.09,-58.1393,6347.27,-277.868,7348.95,7840.006,-3934.358
348,-492.57,3666.25,293.194,3148.43,170.063,4148.02,55.4086,5213.07,-58.3317,6347.19,-277.927,7348.53,7841.1,-3944.177
349,-494.116,3676.58,292.792,3148.49,170.083,4148.12,55.3774,5213.13,-57.4543,6347.33,-277.689,7348.81,7842.926,-3954.269
350,-495.532,3687.06,293.204,3148.53,170.17,4148.14,55.3268,5213.05,-58.1213,6347.34,-277.852,7349.23,7844.762,-3964.912
351,-496.683,3696.84,293.221,3148.48,170.032,4148,55.3796,5213.1,-58.3337,6347.26,-277.471,7348.69,7845.373,-3974.311
352,-497.591,3706.63,292.949,3148.54,170.199,4148,55.5261,5213.13,-57.3069,6347.19,-277.793,7348.74,7846.331,-3984.423
353,-498.876,3717.02,292.717,3148.97,170.195,4148.15,55.4905,5213.19,-57.2385,6347.32,-277.718,7349.08,7847.956,-3994.738
354,-500.268,3726.93,293.132,3148.46,170.009,4148.09,55.2216,5213.12,-58.4792,6347.42,-277.888,7348.95,7849.218,-4004.818
355,-501.155,3736.41,293.231,3148.56,170.178,4147.96,55.478,5213.06,-58.2059,6347.16,-277.966,7348.7,7849.855,-4014.376
356,-502.471,3746.51,292.908,3148.6,170.168,4148.08,55.5673,5213.23,-57.3454,6347.31,-277.597,7348.67,7851.141,-4024.107
357,-503.879,3756.74,293.244,3148.5,170.179,4148.17,55.391,5213.14,-58.079,6347.32,-277.791,7349.1,7852.979,-4034.531
358,-504.941,3766.54,293.319,3148.34,170.11,4147.96,55.3488,5212.97,-58.4046,6347.12,-278.059,7348.67,7853.611,-4044.599
359,-506.181,3776.38,292.878,3148.59,170.069,4148.06,55.4527,5213.15,-57.5575,6347.28,-277.749,7348.6,7854.781,-4054.129
360,-507.217,3786.34,292.737,3149.01,170.262,4148.22,55.5166,5213.22,-57.2081,6347.28,-277.706,7349.16,7856.377,-4064.046
361,-508.49,3796.27,293.214,3148.41,170.065,4148.06,55.2997,5213,-58.4171,6347.32,-277.883,7348.85,7857.34,-4074.153
362,-509.628,3805.91,293.108,3148.6,170.132,4147.98,55.4287,5213.08,-57.4784,6347.09,-277.894,7348.57,7858.198,-4083.804
363,-510.995,3815.55,292.968,3148.64,170.268,4148.16,55.5316,5213.16,-57.2217,6346.28,-277.726,7348.94,7859.935,-4093.276
364,-512.691,3825.48,293.114,3148.6,170.094,4148.2,55.4526,5213.25,-58.1683,6347.48,-277.707,7349.12,7861.811,-4103.187
365,-514.069,3835.12,293.313,3148.35,170.143,4147.98,55.3562,5213.02,-58.3127,6347.14,-277.996,7348.64,7862.709,-4113.116
366,-515.43,3844.72,292.904,3148.49,170.118,4147.99,55.4591,5213.1,-57.5405,6347.18,-277.856,7348.49,7863.92,-4122.576
367,-516.756,3854.73,293.09,3148.72,170.179,4148.22,55.5115,5213.23,-59.7049,6348.2,-277.675,7349.07,7865.826,-4132.405
368,-517.897,3864.53,293.347,3148.41,170.183,4148.09,55.3881,5212.99,-58.2282,6348.41,-277.887,7348.96,7866.857,-4142.417
369,-518.882,3874.19,293.042,3148.62,170.067,4147.94,55.408,5213.12,-55.936,6345.99,-277.89,7348.48,7867.362,-4152.08
370,-519.988,3883.93,292.971,3148.67,170.264,4148.11,55.6275,5213.22,-56.9021,6346.16,-277.649,7348.95,7868.938,-4161.579
371,-521.566,3893.77,293.188,3148.52,170.129,4148.17,55.3513,5213.08,-57.8881,6347.79,-277.638,7349.04,7870.606,-4171.408
372,-522.965,3903.8,293.22,3148.41,170.07,4148,55.3269,5213.08,-58.2359,6347.24,-277.899,7348.67,7871.635,-4181.699
373,-524.124,3913.54,292.996,3148.54,170.215,4148.02,55.5037,5213.08,-57.5886,6347.1,-277.913,7348.67,7872.794,-4191.453
374,-525.508,3923.57,293.12,3148.55,170.117,4148.23,55.3003,5213.13,-58.3158,6347.42,-277.71,7349.12,7874.628,-4201.28
375,-526.43,3933.47,293.344,3148.49,170.2,4148.11,55.4513,5213.18,-58.0129,6347.26,-277.876,7349.02,7875.45,-4211.346
376,-527.514,3943.05,292.96,3148.57,170.109,4147.93,55.4115,5213.08,-58.2396,6347.09,-278.057,7348.53,7876.044,-4221.107
377,-528.866,3952.74,292.831,3148.56,170.119,4148.11,55.4459,5213.15,-57.5197,6347.3,-277.689,7348.76,7877.626,-4230.429
378,-529.989,3962.61,293.317,3148.51,170.261,4148.17,55.5202,5213.13,-57.8783,6347.34,-277.685,7349.18,7879.169,-4240.295
379,-531.39,3972.68,292.973,3148.48,170.091,4148,55.4233,5213.08,-58.407,6347.32,-277.862,7348.78,7880.17,-4250.542
380,-532.338,3982.66,292.917,3148.44,170.209,4148.04,55.4103,5213.06,-57.3682,6347.17,-277.825,7348.59,7880.928,-4260.485
381,-533.384,3992.8,293.302,3148.52,170.217,4148.15,55.5525,5213.19,-58.1272,6347.36,-277.696,7348.98,7882.364,-4270.496
382,-534.579,4003.05,293.242,3148.6,170.094,4148.15,55.4876,5213.29,-58.1,6347.39,-277.66,7348.81,7883.389,-4280.71
383,-535.522,4012.91,292.924,3148.5,170.155,4148.05,55.3662,5212.95,-57.4213,6347.05,-277.98,7348.66,7884.182,-4290.89
384,-536.847,4022.88,292.839,3148.57,170.087,4148.09,54.1303,5213.38,-57.4821,6347.23,-277.934,7348.81,7885.657,-4300.814
385,-538.42,4033.19,293.277,3148.51,170.226,4148.15,55.5006,5213.15,-58.1162,6347.32,-277.668,7349.02,7887.44,-4310.858
386,-539.829,4043.41,293.245,3148.46,170.166,4148.04,55.3833,5213.09,-58.2227,6347.25,-277.755,7348.71,7888.539,-4321.165
387,-541.27,4053.46,292.967,3148.5,170.015,4148,55.4406,5213.15,-57.5395,6347.26,-277.922,7348.6,7889.87,-4331.382
388,-541.943,4063.41,293.399,3148.6,170.29,4148.16,55.6186,5213.17,-57.8189,6347.33,-277.706,7349.03,7890.973,-4341.116
389,-542.991,4073.27,293.234,3148.47,170.134,4148.15,55.4181,5213.14,-56.8553,6347.19,-277.676,7348.96,7891.951,-4350.946
390,-544.154,4082.81,292.968,3148.34,170.139,4147.96,55.0692,5213.47,-57.5424,6347.15,-277.912,7348.7,7892.854,-4360.722
391,-545.523,4092.43,292.925,3148.83,170.183,4148.03,55.1801,5213.59,-52.0594,6329.18,-277.963,7348.82,7894.343,-4370.393
392,-547.44,4102.29,293.24,3148.49,170.063,4148.17,55.0403,5213.71,-53.1105,6330.13,-277.775,7349.04,7896.48,-4380.065
393,-548.784,4112.17,293.264,3148.55,170.194,4148.1,55.1046,5213.61,-51.6832,6330.05,-277.885,7348.99,7897.774,-4390.055
394,-549.854,4121.84,292.998,3148.44,170.097,4148.01,55.8323,5213.42,-57.3963,6347.13,-277.63,7348.66,7898.514,-4399.47
395,-550.74,4131.84,293.263,3148.52,170.185,4148.14,55.8783,5213.4,-56.7353,6347.15,-277.748,7348.96,7899.7,-4409.588
396,-551.464,4141.88,293.282,3148.53,170.246,4148.12,55.9395,5213.42,-57.933,6347.32,-277.6,7348.96,7900.424,-4419.48
397,-552.748,4151.77,292.957,3148.44,170.068,4148.02,55.8036,5213.39,-57.5146,6347.24,-277.875,7348.61,7901.358,-4429.645
398,-554.169,4161.37,293.199,3148.48,170.102,4148.04,55.7933,5213.34,-58.2621,6347.21,-278.002,7348.78,7902.949,-4439.372
399,-555.995,4171.65,293.263,3148.5,170.472,4147.99,55.8879,5213.48,-58.1325,6347.41,-277.706,7349.04,7905.035,-4449.356
400,-557.805,4182.09,292.988,3148.93,170.233,4148.16,56.0686,5213.54,-59.7931,6347.65,-277.238,7348.92,7906.725,-4459.328
401,-559.256,4191.69,292.969,3148.63,170.163,4147.82,55.7691,5213.23,-57.3165,6346.98,-277.987,7348.55,7907.806,-4469.677
402,-560.529,4201.72,293.222,3148.29,170.079,4147.92,55.6075,5213.29,-58.494,6347.34,-277.964,7348.83,7909.359,-4479.684
403,-561.1,4212.12,293.323,3148.64,170.423,4148.24,55.6303,5213.26,-57.8367,6347.4,-277.512,7349.09,7910.19,-4489.632
404,-562.331,4221.69,292.776,3148.53,171.406,4149.14,55.3977,5213.07,-57.4335,6347.25,-277.78,7348.75,7911.081,-4499.47
405,-563.919,4231.19,293.048,3148.56,171.274,4149.01,55.3475,5213.04,-66.6116,6351.15,-277.916,7348.49,7912.409,-4509.106
406,-565.317,4241.45,293.204,3148.71,171.718,4149.38,55.6498,5213.22,-65.6668,6351.19,-277.235,7349.03,7914.347,-4518.685
407,-567.213,4251.52,292.817,3148.71,171.4,4149.36,55.3774,5213.17,-66.0988,6351.36,-277.657,7348.97,7916.183,-4529.177
408,-568.261,4261.32,293.24,3148.34,171.39,4149.03,55.3637,5213.02,-66.5349,6351.13,-278.104,7348.69,7916.951,-4539.424
409,-569.094,4271.36,293.437,3148.31,171.499,4149.17,55.4876,5213.13,-58.1492,6347.22,-277.856,7348.7,7917.794,-4549.216
410,-569.971,4281.41,293.218,3148.47,171.339,4149.42,55.3548,5213.16,-57.2242,6347.35,-277.501,7348.92,7918.891,-4558.911
411,-570.681,4290.84,293.156,3148.47,171.22,4149.44,55.585,5213.1,-57.2378,6347.11,-277.581,7348.9,7919.581,-4568.421
412,-572.288,4300.47,293.098,3148.52,171.174,4149.12,55.3882,5213.16,-57.9554,6346.14,-277.932,7348.47,7920.758,-4578.402
413,-573.672,4310.58,292.975,3148.45,171.19,4149.07,55.3838,5213.07,-58.3948,6347.39,-277.69,7349.04,7922.712,-4588.27
414,-574.935,4320.89,292.76,3148.68,171.421,4149.69,55.548,5213.25,-57.0451,6347.29,-277.596,7349.12,7924.055,-4598.486
415,-575.995,4330.65,292.623,3149.02,171.199,4149.19,55.4122,5213.1,-57.1909,6347.18,-277.818,7348.54,7924.535,-4608.468
416,-576.659,4339.82,293.027,3148.33,171.325,4149.17,55.2661,5212.94,-57.939,6346.39,-277.906,7348.6,7925.259,-4617.726
417,-577.654,4349.29,292.753,3148.8,171.47,4149.06,55.3983,5213.15,-57.9826,6347.4,-277.686,7349.04,7926.694,-4626.976
418,-577.488,4357.13,292.447,3149.25,169.289,4146.82,55.4853,5213.17,-57.1168,6347.25,-277.683,7348.89,7926.378,-4634.813
419,-577.212,4362.04,292.953,3148.46,171.269,4149.13,55.321,5212.95,-58.3385,6347.08,-278.111,7348.66,7925.872,-4640.151
420,-576.933,4365.32,292.805,3148.58,171.001,4148.26,55.3631,5213.2,-58.3883,6347.42,-277.834,7348.94,7925.873,-4643.154
421,-577.129,4366.79,292.985,3148.88,171.373,4148.67,55.6857,5213.22,-56.8159,6347.21,-277.658,7349.03,7926.159,-4644.448
422,-578.663,4366.26,292.352,3149.05,171.146,4148.55,55.3624,5213.04,-57.2781,6347.17,-277.946,7348.73,7927.393,-4644.206
423,-579.53,4364.77,292.846,3148.59,171.22,4149.22,55.3478,5213.12,-58.5061,6347.29,-277.859,7348.71,7928.24,-4642.629
424,-579.132,4363.52,292.906,3148.87,171.22,4148.24,55.5724,5213.14,-56.9344,6347.19,-277.671,7349.02,7928.152,-4641.191
425,-578.797,4362.38,292.636,3148.85,171.193,4149.38,55.3968,5213.22,-57.3,6347.34,-277.652,7348.78,7927.577,-4640.032
426,-577.98,4360.65,292.943,3148.51,171.287,4149.17,55.3438,5213.03,-59.6398,6347.36,-277.937,7348.58,7926.56,-4638.587
427,-577.696,4359.41,292.991,3148.66,172.12,4150.21,55.4955,5213.12,-58.2739,6346.99,-277.796,7348.76,7926.456,-4637.206
428,-577.774,4358.38,292.776,3148.87,171.32,4149.46,55.3743,5213.16,-57.1051,6347.32,-277.633,7349.01,7926.784,-4636.013
429,-577.723,4357.25,293.002,3148.65,171.384,4149.24,55.3766,5213.04,-58.1734,6347.16,-277.913,7348.85,7926.573,-4635.163
430,-578.022,4356.64,292.894,3148.63,171.132,4149.2,55.3906,5213.15,-58.3869,6347.33,-277.811,7348.62,7926.642,-4634.451
431,-577.702,4356.16,292.797,3148.91,171.583,4149.54,54.4114,5213.51,-57.5507,6348,-277.66,7349.12,7926.822,-4633.82
432,-577.534,4355.86,292.399,3149.12,171.566,4148.88,55.1731,5213.61,-57.2846,6347.25,-277.765,7348.91,7926.444,-4633.625
433,-577.608,4355.72,292.877,3148.48,171.137,4149.09,54.973,5213.44,-58.5471,6347.22,-277.901,7348.48,7926.088,-4633.621
434,-577.464,4355.89,292.98,3148.61,171.472,4148.71,55.0935,5213.52,-58.1265,6347.17,-277.809,7348.73,7926.194,-4633.699
435,-577.753,4356.44,292.302,3149.32,171.337,4149.53,55.1827,5213.83,-57.3706,6347.43,-277.575,7349.06,7926.813,-4634.015
436,-577.906,4356.45,292.884,3148.73,171.278,4149.27,55.7807,5213.35,-57.128,6347.15,-277.729,7348.7,7926.606,-4634.179
437,-577.943,4356.45,292.882,3148.44,171.222,4149.07,55.2376,5212.94,-58.4723,6347.05,-278.018,7348.46,7926.403,-4634.468
438,-577.804,4357.01,292.709,3148.96,171.344,4149.47,55.5228,5213.33,-59.8187,6347.72,-277.635,7348.91,7926.714,-4634.645
439,-577.535,4357.01,292.938,3148.99,171.664,4149.63,55.6623,5213.31,-57.7889,6347.38,-277.363,7349.3,7926.835,-4634.373
440,-578.002,4356.81,292.758,3148.57,171.086,4149.15,55.1662,5212.96,-57.0662,6347.04,-278.114,7348.81,7926.812,-4634.924
441,-577.816,4356.94,292.884,3148.72,171.252,4149.16,55.4908,5213.12,-58.2534,6347.27,-277.607,7348.74,7926.556,-4634.547
